isbn,440234743,971880107,345417623,446310786,671027360,60976845,044021145X,60938455,446672211,142000205,385504209,385505833,044022165X,671510053,345443284,60928336,671003755,380789019,385335482,446606812,60930535,345361792,60934417,375700757,375707972,553572997,385486804,440236673,446610038,067976402X,449212602,451524934,345342968,385484518,345337662,446605239,590353403,684874350,312305060,679746048,1558743669,440221471,439064872,60959037,014028009X,452282829,385722206,446608955,440241073,804114986,439136369,439139600,449005615,440225701,804106304,316769487,786868716,452282152,60987103,044023722X,142001740,316666343,375726403,671021001,805063897,842329129,60915544,312195516,312278586,156027321,345313860,61009059,446364193,140293248,316776963,440211727,743237188,380789035,440206154,345370775,1400034779,767902521,743418174,375725784,345339703,440226430,440224764,385492081,316569321,059035342X,812550706,345353145,440214041,60392452,312291639,375706771,60502258,345339681,068484477X,440213525,439136350,316096199,044651652X,316284955,375727345,312924585,684872153,316601950,439139597,439064864,043935806X,440220602,671001795,440222656
440234743,1.0,0.0,0.0,0.017543859649122806,0.0,0.0,0.017543859649122806,0.0,0.028985507246376812,0.02,0.0,0.10810810810810811,0.0136986301369863,0.0,0.0,0.0,0.0,0.0,0.0,0.0,0.02040816326530612,0.04,0.021739130434782608,0.0,0.0,0.018867924528301886,0.01818181818181818,0.021739130434782608,0.0,0.0,0.02040816326530612,0.0,0.0,0.0,0.022727272727272728,0.015384615384615385,0.016129032258064516,0.0,0.014492753623188406,0.01694915254237288,0.0,0.04285714285714286,0.017543859649122806,0.0,0.01818181818181818,0.015873015873015872,0.027777777777777776,0.0,0.0,0.047619047619047616,0.0,0.0,0.0,0.0,0.0,0.0,0.02,0.015384615384615385,0.021739130434782608,0.0,0.0,0.0,0.0,0.02,0.0,0.05405405405405406,0.02564102564102564,0.018867924528301886,0.02857142857142857,0.015151515151515152,0.0,0.015384615384615385,0.01694915254237288,0.0,0.0,0.015384615384615385,0.0,0.019230769230769232,0.031746031746031744,0.014492753623188406,0.020833333333333332,0.0,0.018518518518518517,0.0,0.0,0.021739130434782608,0.0392156862745098,0.0,0.016666666666666666,0.016129032258064516,0.02,0.0,0.0,0.0,0.02857142857142857,0.0,0.022222222222222223,0.0,0.019230769230769232,0.041666666666666664,0.022727272727272728,0.0,0.02,0.03508771929824561,0.0,0.0,0.022222222222222223,0.0,0.0,0.0,0.0,0.0,0.022222222222222223,0.024390243902439025
971880107,0.0,1.0,0.0,0.0,0.0,0.0,0.018518518518518517,0.0,0.014925373134328358,0.0,0.0,0.0,0.014285714285714285,0.0196078431372549,0.0,0.02040816326530612,0.0,0.044444444444444446,0.034482758620689655,0.05172413793103448,0.0,0.020833333333333332,0.023255813953488372,0.030303030303030304,0.01818181818181818,0.02,0.0,0.0,0.0,0.0,0.0,0.022222222222222223,0.0,0.02564102564102564,0.011627906976744186,0.03278688524590164,0.0,0.020833333333333332,0.03076923076923077,0.03636363636363636,0.0,0.029411764705882353,0.0,0.014492753623188406,0.019230769230769232,0.016666666666666666,0.014285714285714285,0.03773584905660377,0.0,0.0,0.014285714285714285,0.0,0.0,0.0,0.0,0.046511627906976744,0.0,0.0,0.0,0.0,0.0,0.0,0.0,0.0,0.0,0.02857142857142857,0.0,0.0,0.03125,0.0,0.0,0.016129032258064516,0.0,0.022222222222222223,0.022222222222222223,0.0,0.0425531914893617,0.0,0.0,0.0,0.0,0.0,0.0196078431372549,0.0,0.018518518518518517,0.0,0.02040816326530612,0.0,0.0,0.0,0.0,0.0,0.037037037037037035,0.0,0.03125,0.0,0.0,0.023255813953488372,0.02040816326530612,0.0,0.0,0.0,0.02127659574468085,0.0,0.0,0.01639344262295082,0.0,0.0,0.0,0.0,0.013333333333333334,0.0,0.0,0.0
345417623,0.0,0.0,1.0,0.0,0.025,0.0,0.0,0.0,0.0,0.0,0.0,0.0,0.022222222222222223,0.0,0.0,0.0,0.0,0.014925373134328358,0.0,0.0,0.0,0.014492753623188406,0.0,0.0,0.0,0.0,0.0136986301369863,0.0,0.015873015873015872,0.0,0.0,0.0,0.0,0.016666666666666666,0.0,0.0,0.0125,0.0,0.03529411764705882,0.0,0.0,0.0,0.0,0.011111111111111112,0.0136986301369863,0.0,0.0,0.0,0.014084507042253521,0.0,0.0,0.0,0.0,0.0,0.0,0.0,0.0,0.0,0.015625,0.0,0.0,0.0,0.0,0.0,0.013888888888888888,0.0,0.0,0.0,0.0,0.011904761904761904,0.014705882352941176,0.0,0.0,0.0,0.03076923076923077,0.0,0.0,0.0,0.0,0.011494252873563218,0.0,0.0,0.013888888888888888,0.0,0.0,0.0,0.0,0.0,0.0,0.0125,0.0,0.0,0.0,0.0,0.0,0.0,0.0,0.0,0.0,0.014925373134328358,0.0,0.0,0.0,0.0,0.0,0.0,0.0,0.0,0.0,0.0,0.010416666666666666,0.0,0.0,0.0
446310786,0.017543859649122806,0.0,0.0,1.0,0.0,0.0,0.0,0.02040816326530612,0.0,0.017241379310344827,0.0,0.020833333333333332,0.0,0.0,0.0,0.0,0.0,0.0,0.0,0.014084507042253521,0.017543859649122806,0.01694915254237288,0.018518518518518517,0.025974025974025976,0.0,0.03333333333333333,0.0,0.0,0.0,0.015625,0.017543859649122806,0.0,0.0,0.02,0.06521739130434782,0.0136986301369863,0.04411764705882353,0.034482758620689655,0.012987012987012988,0.0,0.0,0.0,0.015384615384615385,0.0125,0.0,0.0,0.025,0.0,0.0,0.061224489795918366,0.0,0.014925373134328358,0.0,0.0,0.0,0.0,0.017241379310344827,0.0,0.057692307692307696,0.0,0.016129032258064516,0.0,0.0,0.07272727272727272,0.0,0.021739130434782608,0.06666666666666667,0.0,0.0,0.0,0.0,0.0,0.014925373134328358,0.0,0.0,0.0136986301369863,0.0,0.07017543859649122,0.0,0.0,0.03636363636363636,0.0,0.0,0.0,0.0,0.03773584905660377,0.0,0.0,0.014705882352941176,0.04411764705882353,0.05357142857142857,0.0,0.0,0.044444444444444446,0.0,0.0,0.018867924528301886,0.0,0.03389830508474576,0.0,0.019230769230769232,0.0,0.0,0.015151515151515152,0.0,0.0,0.0,0.0,0.0,0.017857142857142856,0.0,0.0,0.038461538461538464,0.0
671027360,0.0,0.0,0.025,0.0,1.0,0.0,0.0,0.0,0.0,0.015625,0.0,0.0,0.0,0.0,0.016129032258064516,0.0,0.0,0.0,0.0,0.012987012987012988,0.015873015873015872,0.0,0.016666666666666666,0.0,0.0,0.014925373134328358,0.0,0.016666666666666666,0.0,0.014285714285714285,0.0,0.0,0.0,0.0,0.009708737864077669,0.0,0.0,0.0,0.0,0.0,0.0,0.0,0.014084507042253521,0.023529411764705882,0.014492753623188406,0.0,0.0,0.014084507042253521,0.0,0.0,0.0,0.0,0.015151515151515152,0.0,0.0,0.0,0.015625,0.0,0.0,0.014925373134328358,0.0,0.01818181818181818,0.0,0.0,0.0,0.0,0.0,0.0,0.0,0.0,0.015625,0.0,0.0,0.0,0.0,0.0,0.0,0.015151515151515152,0.01282051282051282,0.0,0.0,0.03076923076923077,0.0,0.01818181818181818,0.02857142857142857,0.03389830508474576,0.015151515151515152,0.0,0.0,0.0,0.0,0.013888888888888888,0.0,0.0,0.0,0.0,0.01694915254237288,0.016666666666666666,0.0,0.0,0.0,0.0,0.0,0.0,0.0,0.0,0.0,0.0,0.0,0.05,0.0,0.0,0.0,0.0
60976845,0.0,0.0,0.0,0.0,0.0,1.0,0.0,0.0,0.0,0.023255813953488372,0.0,0.0,0.0,0.0,0.024390243902439025,0.0,0.02631578947368421,0.0,0.0,0.0,0.04878048780487805,0.046511627906976744,0.0,0.0,0.0,0.0,0.0,0.0,0.0,0.0,0.0,0.0,0.0,0.0,0.0,0.0,0.0,0.022727272727272728,0.0,0.0,0.0,0.0,0.0,0.015384615384615385,0.0,0.017857142857142856,0.015151515151515152,0.0,0.021739130434782608,0.0,0.0,0.0,0.0,0.0,0.0,0.0,0.0,0.0,0.0,0.021739130434782608,0.02127659574468085,0.029411764705882353,0.022727272727272728,0.0,0.0,0.0,0.0,0.021739130434782608,0.03571428571428571,0.0,0.0,0.0,0.0,0.024390243902439025,0.0,0.017241379310344827,0.022727272727272728,0.0,0.0,0.0,0.0,0.0,0.02127659574468085,0.0,0.0,0.0,0.0,0.0,0.0,0.0,0.0,0.0,0.0,0.0,0.03571428571428571,0.0,0.05405405405405406,0.02564102564102564,0.0,0.0,0.0,0.0,0.0,0.0196078431372549,0.03125,0.0,0.05405405405405406,0.0,0.0,0.0,0.014084507042253521,0.0,0.0,0.0
044021145X,0.017543859649122806,0.018518518518518517,0.0,0.0,0.0,0.0,1.0,0.0,0.01282051282051282,0.0,0.05263157894736842,0.0,0.0379746835443038,0.0,0.0,0.016666666666666666,0.038461538461538464,0.017543859649122806,0.028985507246376812,0.0,0.0,0.034482758620689655,0.018518518518518517,0.025974025974025976,0.015151515151515152,0.0,0.015873015873015872,0.0,0.018867924528301886,0.015625,0.0,0.0,0.0,0.02,0.020833333333333332,0.0136986301369863,0.014285714285714285,0.01694915254237288,0.012987012987012988,0.014925373134328358,0.0,0.0125,0.0,0.0125,0.015873015873015872,0.043478260869565216,0.0,0.015384615384615385,0.01639344262295082,0.0,0.0,0.0,0.016666666666666666,0.05970149253731343,0.0,0.01818181818181818,0.017241379310344827,0.0,0.018518518518518517,0.01639344262295082,0.016129032258064516,0.0,0.034482758620689655,0.017241379310344827,0.0,0.0,0.0,0.0,0.023255813953488372,0.0,0.017241379310344827,0.04225352112676056,0.0,0.0,0.017857142857142856,0.027777777777777776,0.0,0.0,0.028169014084507043,0.0,0.0,0.0,0.0,0.0,0.015384615384615385,0.0,0.08928571428571429,0.0,0.014705882352941176,0.014285714285714285,0.0,0.015151515151515152,0.03076923076923077,0.0,0.023255813953488372,0.015873015873015872,0.0,0.03773584905660377,0.016666666666666666,0.09433962264150944,0.0,0.017857142857142856,0.0,0.03076923076923077,0.0,0.057971014492753624,0.0,0.017543859649122806,0.0,0.017857142857142856,0.03571428571428571,0.0,0.0,0.0
60938455,0.0,0.0,0.0,0.02040816326530612,0.0,0.0,0.0,1.0,0.016129032258064516,0.023809523809523808,0.0,0.0,0.0,0.0,0.0,0.0,0.0,0.024390243902439025,0.0,0.0,0.0,0.0,0.0,0.016129032258064516,0.0,0.0,0.0,0.0,0.0,0.020833333333333332,0.0,0.0,0.0,0.0,0.012345679012345678,0.0,0.0,0.023255813953488372,0.0,0.0,0.0,0.0,0.0,0.015625,0.02127659574468085,0.0,0.0,0.0,0.0,0.02857142857142857,0.0,0.0,0.022727272727272728,0.0,0.0,0.0,0.0,0.0,0.02631578947368421,0.0,0.0,0.0,0.0,0.0,0.0,0.0,0.03225806451612903,0.0,0.0,0.0,0.0,0.0,0.0,0.0,0.0,0.0,0.0,0.022727272727272728,0.0,0.0,0.0,0.0,0.0,0.0,0.0,0.0,0.0,0.0,0.0,0.0,0.023809523809523808,0.0,0.0,0.06896551724137931,0.0,0.0,0.0,0.0,0.0,0.024390243902439025,0.0,0.0,0.0,0.0,0.0,0.0,0.0,0.0,0.027777777777777776,0.0,0.0,0.0,0.0,0.0
446672211,0.028985507246376812,0.014925373134328358,0.0,0.0,0.0,0.0,0.01282051282051282,0.016129032258064516,1.0,0.0,0.0,0.0,0.0,0.0,0.0,0.0,0.015151515151515152,0.014285714285714285,0.012048192771084338,0.0,0.0,0.028169014084507043,0.0,0.022222222222222223,0.0,0.0,0.0,0.0,0.0,0.0,0.0,0.0,0.0,0.015873015873015872,0.01834862385321101,0.0,0.012048192771084338,0.013888888888888888,0.02247191011235955,0.0125,0.0,0.0,0.0,0.0,0.013157894736842105,0.024096385542168676,0.010638297872340425,0.0,0.0,0.015625,0.0,0.0,0.027777777777777776,0.012048192771084338,0.0,0.0,0.014084507042253521,0.023529411764705882,0.014925373134328358,0.0,0.013333333333333334,0.0,0.013888888888888888,0.0,0.0,0.0,0.0,0.0,0.0,0.0,0.0,0.023529411764705882,0.0,0.0,0.029411764705882353,0.011627906976744186,0.0,0.0,0.011764705882352941,0.0,0.0,0.0136986301369863,0.0410958904109589,0.0,0.0,0.0,0.0,0.0,0.025,0.012048192771084338,0.0,0.012658227848101266,0.0,0.01694915254237288,0.0,0.04054054054054054,0.015151515151515152,0.0,0.0136986301369863,0.014285714285714285,0.0,0.014492753623188406,0.0,0.012658227848101266,0.0,0.023809523809523808,0.0,0.028985507246376812,0.0,0.0,0.0,0.0,0.0,0.03278688524590164
142000205,0.02,0.0,0.0,0.017241379310344827,0.015625,0.023255813953488372,0.0,0.023809523809523808,0.0,1.0,0.0,0.024390243902439025,0.013513513513513514,0.01818181818181818,0.02040816326530612,0.0,0.021739130434782608,0.02,0.0,0.0,0.04081632653061224,0.0392156862745098,0.02127659574468085,0.014084507042253521,0.0,0.018518518518518517,0.0,0.0,0.0,0.0,0.02,0.0,0.02,0.0,0.02247191011235955,0.015151515151515152,0.0,0.0392156862745098,0.028985507246376812,0.05172413793103448,0.0,0.0136986301369863,0.03508771929824561,0.027777777777777776,0.03636363636363636,0.015625,0.0273972602739726,0.0,0.0,0.022727272727272728,0.013513513513513514,0.016666666666666666,0.0,0.0,0.0,0.0425531914893617,0.0196078431372549,0.015151515151515152,0.02127659574468085,0.03773584905660377,0.01818181818181818,0.075,0.019230769230769232,0.0196078431372549,0.01818181818181818,0.02564102564102564,0.025,0.03773584905660377,0.0,0.0,0.0196078431372549,0.0,0.016666666666666666,0.0,0.02040816326530612,0.0,0.0,0.018867924528301886,0.0,0.0,0.041666666666666664,0.0,0.01818181818181818,0.04878048780487805,0.0,0.02127659574468085,0.038461538461538464,0.0,0.05084745762711865,0.0,0.0196078431372549,0.0,0.01694915254237288,0.0,0.0,0.017857142857142856,0.021739130434782608,0.0,0.018867924528301886,0.0,0.022222222222222223,0.0,0.0196078431372549,0.034482758620689655,0.0,0.0,0.044444444444444446,0.0,0.0,0.02040816326530612,0.0,0.0,0.021739130434782608,0.0
385504209,0.0,0.0,0.0,0.0,0.0,0.0,0.05263157894736842,0.0,0.0,0.0,1.0,0.0,0.0,0.0,0.0,0.0,0.02127659574468085,0.0196078431372549,0.015625,0.0,0.0,0.018867924528301886,0.0,0.0,0.016666666666666666,0.0,0.0,0.0,0.0,0.017241379310344827,0.04,0.0,0.0196078431372549,0.0,0.0,0.014925373134328358,0.0,0.0,0.0,0.0,0.0,0.0,0.0,0.0,0.0,0.015384615384615385,0.0,0.0,0.0,0.0,0.013333333333333334,0.0,0.0,0.015625,0.0,0.02040816326530612,0.0,0.014925373134328358,0.020833333333333332,0.01818181818181818,0.017857142857142856,0.0,0.0,0.019230769230769232,0.0,0.0,0.0,0.0,0.0,0.0,0.0392156862745098,0.014925373134328358,0.0,0.0,0.0,0.0,0.0,0.0,0.0,0.0,0.0,0.0,0.0,0.0,0.0,0.0,0.018518518518518517,0.0,0.016129032258064516,0.0,0.0,0.016666666666666666,0.0,0.0,0.0,0.0,0.0,0.0,0.018518518518518517,0.04,0.0,0.0,0.0,0.03389830508474576,0.0,0.015151515151515152,0.0,0.0196078431372549,0.0,0.02,0.0125,0.025,0.0,0.0
385505833,0.10810810810810811,0.0,0.0,0.020833333333333332,0.0,0.0,0.0,0.0,0.0,0.024390243902439025,0.0,1.0,0.0,0.0,0.0,0.0,0.0,0.0,0.0,0.0,0.05128205128205128,0.04878048780487805,0.02702702702702703,0.0,0.0,0.022727272727272728,0.0,0.0,0.0,0.0,0.025,0.02564102564102564,0.0,0.0,0.02531645569620253,0.0,0.0,0.0,0.016666666666666666,0.0,0.0,0.015873015873015872,0.020833333333333332,0.0,0.021739130434782608,0.0,0.015625,0.0,0.0,0.029411764705882353,0.0,0.0,0.0,0.0,0.0,0.0,0.05,0.0,0.02702702702702703,0.0,0.0,0.0,0.0,0.024390243902439025,0.0,0.07142857142857142,0.03333333333333333,0.0,0.0,0.0,0.0,0.0,0.02,0.0,0.02564102564102564,0.0,0.0,0.023255813953488372,0.0,0.016666666666666666,0.02564102564102564,0.0,0.022222222222222223,0.0,0.0,0.02702702702702703,0.047619047619047616,0.0,0.0196078431372549,0.0,0.024390243902439025,0.0,0.0,0.0,0.0,0.0,0.027777777777777776,0.0,0.023255813953488372,0.05128205128205128,0.02857142857142857,0.0,0.0,0.02040816326530612,0.0,0.0,0.0,0.025,0.0,0.0,0.0,0.0,0.027777777777777776,0.0
044022165X,0.0136986301369863,0.014285714285714285,0.022222222222222223,0.0,0.0,0.0,0.0379746835443038,0.0,0.0,0.013513513513513514,0.0,0.0,1.0,0.025974025974025976,0.0,0.0,0.0,0.0,0.023529411764705882,0.0,0.0,0.013333333333333334,0.0,0.010638297872340425,0.012195121951219513,0.02631578947368421,0.012658227848101266,0.0,0.014492753623188406,0.0,0.0,0.0,0.0,0.015151515151515152,0.0,0.011235955056179775,0.023529411764705882,0.013333333333333334,0.03296703296703297,0.0,0.0,0.031914893617021274,0.012345679012345678,0.021052631578947368,0.012658227848101266,0.023255813953488372,0.0,0.0,0.012987012987012988,0.0,0.020833333333333332,0.0,0.0,0.023529411764705882,0.0,0.02857142857142857,0.0,0.011235955056179775,0.014285714285714285,0.0,0.0,0.015384615384615385,0.0,0.0,0.01282051282051282,0.0,0.0,0.0,0.0,0.011111111111111112,0.0,0.022727272727272728,0.0,0.0,0.013888888888888888,0.022727272727272728,0.0,0.0,0.0,0.0,0.0,0.0,0.0,0.0,0.0,0.0,0.013157894736842105,0.014492753623188406,0.0,0.023529411764705882,0.0,0.012195121951219513,0.012195121951219513,0.0,0.0,0.0,0.0,0.014285714285714285,0.0,0.0136986301369863,0.014705882352941176,0.0,0.0273972602739726,0.0,0.0,0.0,0.0,0.0136986301369863,0.0,0.0,0.03,0.0,0.0,0.0
671510053,0.0,0.0196078431372549,0.0,0.0,0.0,0.0,0.0,0.0,0.0,0.01818181818181818,0.0,0.0,0.025974025974025976,1.0,0.018867924528301886,0.0,0.02,0.018518518518518517,0.030303030303030304,0.0,0.0,0.05555555555555555,0.0,0.02702702702702703,0.0,0.03508771929824561,0.016666666666666666,0.0,0.0,0.01639344262295082,0.0,0.0,0.03773584905660377,0.0,0.03260869565217391,0.028985507246376812,0.014925373134328358,0.05555555555555555,0.013513513513513514,0.015625,0.0,0.012987012987012988,0.0,0.02631578947368421,0.03389830508474576,0.09523809523809523,0.01282051282051282,0.0,0.0,0.0,0.01282051282051282,0.0,0.0,0.0,0.0,0.06,0.0,0.028985507246376812,0.0,0.017241379310344827,0.05263157894736842,0.0,0.03636363636363636,0.0,0.0,0.0,0.0,0.03508771929824561,0.0,0.014084507042253521,0.01818181818181818,0.014285714285714285,0.0,0.018867924528301886,0.018867924528301886,0.028985507246376812,0.0,0.0,0.0,0.0,0.018867924528301886,0.0,0.01694915254237288,0.021739130434782608,0.0,0.0,0.017543859649122806,0.0,0.0,0.014925373134328358,0.0,0.0,0.03225806451612903,0.0,0.0,0.0,0.0,0.0,0.017543859649122806,0.0,0.0,0.0,0.01818181818181818,0.015873015873015872,0.0,0.0,0.04081632653061224,0.0,0.0,0.0,0.0,0.0,0.0,0.0
345443284,0.0,0.0,0.0,0.0,0.016129032258064516,0.024390243902439025,0.0,0.0,0.0,0.02040816326530612,0.0,0.0,0.0,0.018867924528301886,1.0,0.0196078431372549,0.0,0.0,0.01639344262295082,0.0,0.0,0.0,0.0,0.0,0.0,0.0,0.018518518518518517,0.0,0.0,0.0,0.0,0.0,0.0,0.0,0.0,0.015625,0.0,0.0,0.014705882352941176,0.0,0.0,0.0,0.0,0.014084507042253521,0.018518518518518517,0.0,0.0,0.0,0.0,0.0,0.0,0.0,0.0,0.01639344262295082,0.02702702702702703,0.0,0.0,0.015625,0.0,0.0,0.0,0.025,0.0,0.0,0.0,0.0,0.0,0.0,0.0,0.0,0.0,0.0,0.0,0.0,0.0,0.0,0.0,0.0,0.015873015873015872,0.0,0.0,0.0,0.018867924528301886,0.025,0.0,0.0,0.0,0.0,0.0,0.0,0.0,0.0,0.0,0.0,0.0,0.018518518518518517,0.0,0.022222222222222223,0.0,0.0,0.0,0.02127659574468085,0.0,0.0,0.02631578947368421,0.0,0.0,0.020833333333333332,0.0,0.0,0.012987012987012988,0.0,0.0,0.0
60928336,0.0,0.02040816326530612,0.0,0.0,0.0,0.0,0.016666666666666666,0.0,0.0,0.0,0.0,0.0,0.0,0.0,0.0196078431372549,1.0,0.020833333333333332,0.019230769230769232,0.0,0.0,0.0,0.018518518518518517,0.041666666666666664,0.05714285714285714,0.0,0.017857142857142856,0.017241379310344827,0.0,0.0,0.01694915254237288,0.019230769230769232,0.0,0.0,0.0,0.010869565217391304,0.0,0.047619047619047616,0.0,0.013888888888888888,0.03278688524590164,0.0,0.0,0.0,0.0,0.0,0.015151515151515152,0.0,0.05172413793103448,0.0,0.021739130434782608,0.0,0.016129032258064516,0.0,0.0,0.024390243902439025,0.0,0.0,0.0,0.0,0.017857142857142856,0.03571428571428571,0.0,0.018518518518518517,0.0,0.0,0.0,0.0,0.03636363636363636,0.0,0.0,0.0,0.0,0.0,0.0,0.0,0.014705882352941176,0.018518518518518517,0.0,0.014925373134328358,0.013888888888888888,0.0,0.01818181818181818,0.0,0.0,0.016666666666666666,0.02040816326530612,0.01818181818181818,0.0,0.015873015873015872,0.047619047619047616,0.018867924528301886,0.0,0.03333333333333333,0.0,0.0,0.017241379310344827,0.0,0.02040816326530612,0.0,0.0,0.043478260869565216,0.0,0.0,0.0,0.0,0.014925373134328358,0.020833333333333332,0.0,0.0,0.0,0.025,0.0,0.0,0.022727272727272728
671003755,0.0,0.0,0.0,0.0,0.0,0.02631578947368421,0.038461538461538464,0.0,0.015151515151515152,0.021739130434782608,0.02127659574468085,0.0,0.0,0.02,0.0,0.020833333333333332,1.0,0.045454545454545456,0.017241379310344827,0.0,0.06976744186046512,0.11627906976744186,0.0,0.015151515151515152,0.0,0.0,0.0,0.0,0.0,0.0,0.022222222222222223,0.0,0.045454545454545456,0.02631578947368421,0.03614457831325301,0.0,0.017241379310344827,0.02127659574468085,0.0,0.037037037037037035,0.0,0.0,0.018867924528301886,0.045454545454545456,0.0196078431372549,0.01694915254237288,0.0,0.018867924528301886,0.0,0.02564102564102564,0.0,0.0,0.0425531914893617,0.0,0.0,0.047619047619047616,0.021739130434782608,0.0,0.023809523809523808,0.041666666666666664,0.04081632653061224,0.0,0.043478260869565216,0.09302325581395349,0.0,0.0,0.0,0.02040816326530612,0.0,0.016129032258064516,0.021739130434782608,0.0,0.0,0.0,0.022727272727272728,0.0,0.0,0.0,0.016666666666666666,0.0,0.046511627906976744,0.020833333333333332,0.0625,0.0,0.0,0.0,0.020833333333333332,0.0,0.03636363636363636,0.017241379310344827,0.0,0.018518518518518517,0.0,0.0,0.0,0.0196078431372549,0.0,0.0,0.06521739130434782,0.022222222222222223,0.025,0.022727272727272728,0.021739130434782608,0.0784313725490196,0.02857142857142857,0.03389830508474576,0.05,0.022222222222222223,0.05128205128205128,0.022727272727272728,0.0,0.0,0.0,0.0
380789019,0.0,0.044444444444444446,0.014925373134328358,0.0,0.0,0.0,0.017543859649122806,0.024390243902439025,0.014285714285714285,0.02,0.0196078431372549,0.0,0.0,0.018518518518518517,0.0,0.019230769230769232,0.045454545454545456,1.0,0.0,0.015873015873015872,0.0,0.10638297872340426,0.021739130434782608,0.04411764705882353,0.017241379310344827,0.0,0.01818181818181818,0.0,0.0,0.0,0.041666666666666664,0.0425531914893617,0.06382978723404255,0.0,0.046511627906976744,0.03125,0.0,0.0196078431372549,0.029411764705882353,0.05263157894736842,0.0,0.0,0.017543859649122806,0.04285714285714286,0.01818181818181818,0.0,0.0,0.017543859649122806,0.0,0.023255813953488372,0.0,0.01694915254237288,0.019230769230769232,0.03278688524590164,0.0,0.043478260869565216,0.02,0.0,0.0,0.018867924528301886,0.018518518518518517,0.0,0.0196078431372549,0.02,0.0,0.05405405405405406,0.0,0.038461538461538464,0.0,0.0,0.0625,0.0,0.0,0.0,0.08888888888888889,0.0,0.061224489795918366,0.019230769230769232,0.0,0.014492753623188406,0.0425531914893617,0.019230769230769232,0.057692307692307696,0.0,0.017543859649122806,0.0,0.0392156862745098,0.022222222222222223,0.016666666666666666,0.0,0.0,0.0,0.017241379310344827,0.02631578947368421,0.0,0.01818181818181818,0.0,0.0,0.019230769230769232,0.02040816326530612,0.022727272727272728,0.020833333333333332,0.02,0.07272727272727272,0.0,0.015625,0.045454545454545456,0.041666666666666664,0.046511627906976744,0.0,0.01282051282051282,0.0,0.0,0.024390243902439025
385335482,0.0,0.034482758620689655,0.0,0.0,0.0,0.0,0.028985507246376812,0.0,0.012048192771084338,0.0,0.015625,0.0,0.023529411764705882,0.030303030303030304,0.01639344262295082,0.0,0.017241379310344827,0.0,1.0,0.013157894736842105,0.0,0.031746031746031744,0.0,0.012048192771084338,0.0,0.046875,0.014705882352941176,0.0,0.017241379310344827,0.0,0.0,0.01639344262295082,0.0,0.037037037037037035,0.00980392156862745,0.01282051282051282,0.013333333333333334,0.04838709677419355,0.024691358024691357,0.013888888888888888,0.0,0.011764705882352941,0.014285714285714285,0.011764705882352941,0.029850746268656716,0.0547945205479452,0.023529411764705882,0.014285714285714285,0.0,0.03636363636363636,0.023529411764705882,0.0,0.015384615384615385,0.0,0.0,0.05172413793103448,0.015873015873015872,0.025974025974025976,0.01694915254237288,0.015151515151515152,0.046153846153846156,0.0,0.015625,0.0,0.014925373134328358,0.0,0.0,0.0,0.0,0.0,0.015873015873015872,0.039473684210526314,0.0,0.01639344262295082,0.03333333333333333,0.0,0.015625,0.0,0.012987012987012988,0.0,0.0,0.0,0.014925373134328358,0.018518518518518517,0.0,0.0,0.0,0.0,0.0136986301369863,0.013333333333333334,0.0,0.02857142857142857,0.014084507042253521,0.0,0.0,0.014705882352941176,0.017241379310344827,0.01694915254237288,0.015384615384615385,0.016129032258064516,0.0,0.01639344262295082,0.015873015873015872,0.0,0.0,0.012987012987012988,0.0,0.016129032258064516,0.0,0.0,0.01098901098901099,0.0,0.017241379310344827,0.0
446606812,0.0,0.05172413793103448,0.0,0.014084507042253521,0.012987012987012988,0.0,0.0,0.0,0.0,0.0,0.0,0.0,0.0,0.0,0.0,0.0,0.0,0.015873015873015872,0.013157894736842105,1.0,0.0,0.0,0.0,0.011904761904761904,0.013888888888888888,0.0,0.0,0.0,0.0,0.0,0.0,0.016129032258064516,0.0,0.03636363636363636,0.009708737864077669,0.02564102564102564,0.0,0.015384615384615385,0.0,0.04225352112676056,0.0,0.0,0.0,0.011627906976744186,0.0,0.0,0.011494252873563218,0.014084507042253521,0.0,0.0,0.0,0.0,0.0,0.0,0.0,0.01639344262295082,0.0,0.0,0.0,0.0,0.014705882352941176,0.0,0.0,0.0,0.0,0.019230769230769232,0.0,0.0,0.02040816326530612,0.0,0.0,0.0,0.0,0.016129032258064516,0.0,0.0,0.03125,0.015151515151515152,0.01282051282051282,0.0,0.0,0.0,0.045454545454545456,0.01818181818181818,0.0,0.0,0.0,0.0,0.0,0.0,0.015625,0.013888888888888888,0.013888888888888888,0.0,0.02040816326530612,0.0,0.0,0.0,0.015151515151515152,0.0,0.0,0.0,0.015625,0.0,0.018867924528301886,0.0,0.0,0.0,0.017241379310344827,0.0,0.0,0.0,0.0,0.0
60930535,0.02040816326530612,0.0,0.0,0.017543859649122806,0.015873015873015872,0.04878048780487805,0.0,0.0,0.0,0.04081632653061224,0.0,0.05128205128205128,0.0,0.0,0.0,0.0,0.06976744186046512,0.0,0.0,0.0,1.0,0.08333333333333333,0.044444444444444446,0.0,0.0,0.038461538461538464,0.0,0.0,0.0,0.0,0.02040816326530612,0.0425531914893617,0.0,0.0,0.011235955056179775,0.0,0.016129032258064516,0.0,0.014492753623188406,0.01694915254237288,0.0,0.0,0.017543859649122806,0.028169014084507043,0.0,0.015873015873015872,0.027777777777777776,0.03571428571428571,0.018867924528301886,0.023255813953488372,0.0,0.0,0.019230769230769232,0.016129032258064516,0.0,0.0,0.0851063829787234,0.03125,0.021739130434782608,0.018867924528301886,0.0,0.024390243902439025,0.0196078431372549,0.02,0.03773584905660377,0.02631578947368421,0.08108108108108109,0.018867924528301886,0.02857142857142857,0.0,0.0,0.0,0.01694915254237288,0.0,0.0,0.015384615384615385,0.0196078431372549,0.019230769230769232,0.0,0.0,0.020833333333333332,0.0,0.0,0.0,0.017543859649122806,0.021739130434782608,0.0392156862745098,0.0,0.016666666666666666,0.016129032258064516,0.02,0.0,0.0,0.0,0.02857142857142857,0.0,0.045454545454545456,0.021739130434782608,0.019230769230769232,0.0,0.022727272727272728,0.0,0.0,0.017241379310344827,0.02564102564102564,0.0,0.022222222222222223,0.02040816326530612,0.0,0.020833333333333332,0.01282051282051282,0.0,0.022222222222222223,0.0
345361792,0.04,0.020833333333333332,0.014492753623188406,0.01694915254237288,0.0,0.046511627906976744,0.034482758620689655,0.0,0.028169014084507043,0.0392156862745098,0.018867924528301886,0.04878048780487805,0.013333333333333334,0.05555555555555555,0.0,0.018518518518518517,0.11627906976744186,0.10638297872340426,0.031746031746031744,0.0,0.08333333333333333,1.0,0.020833333333333332,0.013888888888888888,0.0,0.037037037037037035,0.0,0.0,0.0,0.0,0.04,0.02,0.061224489795918366,0.022727272727272728,0.05747126436781609,0.030303030303030304,0.031746031746031744,0.058823529411764705,0.043478260869565216,0.01639344262295082,0.0,0.0273972602739726,0.034482758620689655,0.056338028169014086,0.05454545454545454,0.06451612903225806,0.013333333333333334,0.01694915254237288,0.0,0.045454545454545456,0.013333333333333334,0.01639344262295082,0.057692307692307696,0.0,0.0,0.041666666666666664,0.06,0.014925373134328358,0.0425531914893617,0.01818181818181818,0.03636363636363636,0.0,0.08,0.0392156862745098,0.0,0.025,0.024390243902439025,0.01818181818181818,0.0,0.0,0.0392156862745098,0.014925373134328358,0.01639344262295082,0.0,0.0625,0.046153846153846156,0.018867924528301886,0.03773584905660377,0.015151515151515152,0.014084507042253521,0.04081632653061224,0.018518518518518517,0.03636363636363636,0.0,0.01694915254237288,0.0425531914893617,0.03773584905660377,0.02127659574468085,0.03278688524590164,0.031746031746031744,0.019230769230769232,0.016666666666666666,0.016666666666666666,0.025,0.0,0.017543859649122806,0.02127659574468085,0.0,0.057692307692307696,0.04,0.044444444444444446,0.04081632653061224,0.019230769230769232,0.07017543859649122,0.0,0.015151515151515152,0.043478260869565216,0.0196078431372549,0.0,0.0,0.0125,0.0,0.02127659574468085,0.0
60934417,0.021739130434782608,0.023255813953488372,0.0,0.018518518518518517,0.016666666666666666,0.0,0.018518518518518517,0.0,0.0,0.02127659574468085,0.0,0.02702702702702703,0.0,0.0,0.0,0.041666666666666664,0.0,0.021739130434782608,0.0,0.0,0.044444444444444446,0.020833333333333332,1.0,0.014925373134328358,0.0,0.0625,0.0,0.0,0.0,0.018867924528301886,0.021739130434782608,0.0,0.0,0.0,0.03571428571428571,0.0,0.0,0.020833333333333332,0.03076923076923077,0.017857142857142856,0.0,0.014492753623188406,0.03773584905660377,0.014492753623188406,0.0,0.0,0.028985507246376812,0.057692307692307696,0.0,0.025,0.0,0.0,0.0,0.034482758620689655,0.0,0.0,0.043478260869565216,0.0,0.023255813953488372,0.0,0.0,0.0,0.0,0.043478260869565216,0.0,0.02857142857142857,0.027777777777777776,0.0,0.0,0.015873015873015872,0.0,0.03278688524590164,0.017857142857142856,0.022222222222222223,0.0,0.0,0.0,0.02040816326530612,0.0,0.015151515151515152,0.022222222222222223,0.0,0.0196078431372549,0.0,0.018518518518518517,0.023255813953488372,0.041666666666666664,0.04878048780487805,0.017543859649122806,0.0,0.02127659574468085,0.0,0.01818181818181818,0.0,0.0,0.0,0.075,0.023255813953488372,0.02040816326530612,0.021739130434782608,0.024390243902439025,0.0,0.0,0.01818181818181818,0.0,0.01639344262295082,0.0,0.0,0.0,0.022222222222222223,0.013333333333333334,0.0,0.04878048780487805,0.0
375700757,0.0,0.030303030303030304,0.0,0.025974025974025976,0.0,0.0,0.025974025974025976,0.016129032258064516,0.022222222222222223,0.014084507042253521,0.0,0.0,0.010638297872340425,0.02702702702702703,0.0,0.05714285714285714,0.015151515151515152,0.04411764705882353,0.012048192771084338,0.011904761904761904,0.0,0.013888888888888888,0.014925373134328358,1.0,0.02564102564102564,0.013513513513513514,0.02666666666666667,0.0,0.0,0.02631578947368421,0.028985507246376812,0.0,0.014285714285714285,0.015873015873015872,0.027777777777777776,0.03571428571428571,0.024390243902439025,0.028169014084507043,0.02247191011235955,0.038461538461538464,0.0,0.0,0.01282051282051282,0.044444444444444446,0.02666666666666667,0.024096385542168676,0.021505376344086023,0.039473684210526314,0.0273972602739726,0.015625,0.021505376344086023,0.0,0.0,0.024390243902439025,0.0,0.014705882352941176,0.014084507042253521,0.011627906976744186,0.014925373134328358,0.0273972602739726,0.05555555555555555,0.0,0.028169014084507043,0.014084507042253521,0.0,0.0,0.016666666666666666,0.013513513513513514,0.0,0.0,0.014084507042253521,0.011627906976744186,0.0,0.029411764705882353,0.014492753623188406,0.011627906976744186,0.028169014084507043,0.027777777777777776,0.0,0.0,0.014492753623188406,0.027777777777777776,0.013333333333333334,0.0,0.025974025974025976,0.0,0.05714285714285714,0.0,0.025,0.024390243902439025,0.02857142857142857,0.012658227848101266,0.02564102564102564,0.01694915254237288,0.0,0.013157894736842105,0.0,0.030303030303030304,0.0136986301369863,0.0,0.015384615384615385,0.0,0.02857142857142857,0.02564102564102564,0.0,0.011764705882352941,0.03076923076923077,0.0,0.015384615384615385,0.0,0.02040816326530612,0.0,0.0,0.016129032258064516
375707972,0.0,0.01818181818181818,0.0,0.0,0.0,0.0,0.015151515151515152,0.0,0.0,0.0,0.016666666666666666,0.0,0.012195121951219513,0.0,0.0,0.0,0.0,0.017241379310344827,0.0,0.013888888888888888,0.0,0.0,0.0,0.02564102564102564,1.0,0.0,0.015625,0.0,0.0,0.0,0.0,0.017543859649122806,0.0,0.0,0.0,0.07142857142857142,0.02857142857142857,0.0,0.0,0.014705882352941176,0.0,0.012345679012345678,0.0,0.0,0.0,0.028169014084507043,0.0,0.046875,0.016129032258064516,0.019230769230769232,0.0,0.0,0.0,0.02857142857142857,0.02127659574468085,0.017857142857142856,0.0,0.0,0.01818181818181818,0.0,0.0,0.0,0.0,0.0,0.0,0.02127659574468085,0.0,0.0,0.0,0.0,0.01694915254237288,0.0,0.014705882352941176,0.0,0.0,0.056338028169014086,0.016666666666666666,0.0,0.0,0.0,0.0,0.0,0.03225806451612903,0.02,0.0,0.0,0.03333333333333333,0.0,0.014492753623188406,0.02857142857142857,0.0,0.0,0.030303030303030304,0.02127659574468085,0.0,0.0,0.0,0.0,0.08771929824561403,0.0,0.0,0.017543859649122806,0.034482758620689655,0.0,0.0425531914893617,0.0,0.0,0.017241379310344827,0.0,0.0,0.011494252873563218,0.02127659574468085,0.0,0.0
553572997,0.018867924528301886,0.02,0.0,0.03333333333333333,0.014925373134328358,0.0,0.0,0.0,0.0,0.018518518518518517,0.0,0.022727272727272728,0.02631578947368421,0.03508771929824561,0.0,0.017857142857142856,0.0,0.0,0.046875,0.0,0.038461538461538464,0.037037037037037035,0.0625,0.013513513513513514,0.0,1.0,0.01694915254237288,0.0,0.041666666666666664,0.016666666666666666,0.018867924528301886,0.0,0.0,0.0,0.021739130434782608,0.0,0.015151515151515152,0.037037037037037035,0.027777777777777776,0.015873015873015872,0.0,0.013157894736842105,0.01639344262295082,0.013157894736842105,0.01694915254237288,0.030303030303030304,0.012987012987012988,0.03333333333333333,0.0,0.02127659574468085,0.04,0.0,0.0,0.0,0.04878048780487805,0.061224489795918366,0.03773584905660377,0.0,0.02,0.0,0.017241379310344827,0.022222222222222223,0.01818181818181818,0.018518518518518517,0.0,0.023809523809523808,0.023255813953488372,0.0,0.0,0.0,0.018518518518518517,0.014492753623188406,0.04918032786885246,0.0,0.019230769230769232,0.0,0.01818181818181818,0.017857142857142856,0.029850746268656716,0.0,0.019230769230769232,0.0,0.0,0.0,0.0,0.02,0.03636363636363636,0.0,0.031746031746031744,0.015151515151515152,0.03773584905660377,0.016129032258064516,0.03278688524590164,0.0,0.0,0.0,0.041666666666666664,0.04081632653061224,0.017857142857142856,0.018867924528301886,0.020833333333333332,0.0,0.0,0.016129032258064516,0.0,0.014705882352941176,0.0,0.0,0.0,0.019230769230769232,0.012195121951219513,0.0,0.02040816326530612,0.0
385486804,0.01818181818181818,0.0,0.0136986301369863,0.0,0.0,0.0,0.015873015873015872,0.0,0.0,0.0,0.0,0.0,0.012658227848101266,0.016666666666666666,0.018518518518518517,0.017241379310344827,0.0,0.01818181818181818,0.014705882352941176,0.0,0.0,0.0,0.0,0.02666666666666667,0.015625,0.01694915254237288,1.0,0.0392156862745098,0.0,0.016129032258064516,0.01818181818181818,0.0,0.0,0.0,0.0,0.014084507042253521,0.045454545454545456,0.0,0.013333333333333334,0.015384615384615385,0.0,0.0,0.0,0.0,0.0,0.014492753623188406,0.012658227848101266,0.015873015873015872,0.0,0.0,0.0,0.0,0.0,0.0,0.0,0.0,0.017857142857142856,0.014084507042253521,0.019230769230769232,0.0,0.016666666666666666,0.0,0.017543859649122806,0.0,0.0,0.0,0.0,0.0,0.024390243902439025,0.013888888888888888,0.0,0.0,0.0,0.0,0.018518518518518517,0.0,0.017543859649122806,0.017241379310344827,0.0,0.0,0.0,0.017241379310344827,0.0,0.02127659574468085,0.0,0.0,0.0,0.0,0.015151515151515152,0.045454545454545456,0.017857142857142856,0.0,0.015625,0.0,0.024390243902439025,0.0,0.0,0.019230769230769232,0.0,0.0,0.0,0.03773584905660377,0.017857142857142856,0.015625,0.0,0.014285714285714285,0.0,0.0,0.0,0.0,0.0,0.0,0.0,0.0
440236673,0.021739130434782608,0.0,0.0,0.0,0.016666666666666666,0.0,0.0,0.0,0.0,0.0,0.0,0.0,0.0,0.0,0.0,0.0,0.0,0.0,0.0,0.0,0.0,0.0,0.0,0.0,0.0,0.0,0.0392156862745098,1.0,0.0,0.038461538461538464,0.0,0.0,0.0,0.0,0.0,0.0,0.0,0.0,0.0,0.0,0.0,0.0,0.0,0.0,0.019230769230769232,0.0,0.0,0.0,0.0,0.0,0.028985507246376812,0.0,0.0,0.0,0.0,0.0,0.0,0.016129032258064516,0.023255813953488372,0.0,0.0196078431372549,0.0,0.0,0.0,0.0,0.0,0.0,0.0,0.03125,0.0,0.0,0.0,0.0,0.0,0.0,0.016129032258064516,0.0,0.0,0.01639344262295082,0.0,0.0,0.0,0.0,0.0,0.0,0.0,0.0,0.0,0.0,0.0,0.0,0.0,0.0,0.02857142857142857,0.03125,0.0,0.0,0.0,0.02040816326530612,0.0,0.0,0.0,0.0,0.0,0.0,0.0,0.0,0.0,0.0,0.022222222222222223,0.0,0.0,0.0,0.0
446610038,0.0,0.0,0.015873015873015872,0.0,0.0,0.0,0.018867924528301886,0.0,0.0,0.0,0.0,0.0,0.014492753623188406,0.0,0.0,0.0,0.0,0.0,0.017241379310344827,0.0,0.0,0.0,0.0,0.0,0.0,0.041666666666666664,0.0,0.0,1.0,0.0,0.0,0.022727272727272728,0.0,0.0,0.0,0.0,0.0,0.0,0.0,0.01818181818181818,0.0,0.0,0.0,0.014705882352941176,0.0,0.0,0.0,0.018867924528301886,0.0,0.0,0.014492753623188406,0.0,0.0,0.0,0.029411764705882353,0.023255813953488372,0.0,0.0,0.0,0.0,0.0,0.02702702702702703,0.0,0.0,0.02,0.0,0.0,0.0,0.0,0.0,0.021739130434782608,0.0,0.0,0.0,0.0,0.03333333333333333,0.02127659574468085,0.0,0.016666666666666666,0.0,0.0,0.0,0.0,0.0,0.0,0.0,0.0,0.0,0.0,0.0,0.0,0.0,0.0,0.0,0.0,0.0,0.0,0.0,0.0,0.0,0.0,0.0,0.0,0.0,0.0,0.0,0.0,0.022222222222222223,0.0,0.0,0.0,0.0,0.0,0.0
067976402X,0.0,0.0,0.0,0.015625,0.014285714285714285,0.0,0.015625,0.020833333333333332,0.0,0.0,0.017241379310344827,0.0,0.0,0.01639344262295082,0.0,0.01694915254237288,0.0,0.0,0.0,0.0,0.0,0.0,0.018867924528301886,0.02631578947368421,0.0,0.016666666666666666,0.016129032258064516,0.038461538461538464,0.0,1.0,0.0,0.0,0.0,0.0,0.010416666666666666,0.0,0.0,0.017241379310344827,0.0,0.015151515151515152,0.0,0.0,0.0,0.02564102564102564,0.0,0.014285714285714285,0.0125,0.031746031746031744,0.0,0.02,0.0,0.0,0.0,0.014492753623188406,0.0,0.0,0.0,0.0,0.018867924528301886,0.0,0.03333333333333333,0.0,0.017241379310344827,0.0,0.0,0.0,0.021739130434782608,0.0,0.0,0.0,0.0,0.013888888888888888,0.03076923076923077,0.0,0.0,0.013888888888888888,0.03508771929824561,0.01694915254237288,0.0,0.013157894736842105,0.0,0.0,0.0,0.0,0.0,0.0,0.0,0.0,0.0,0.0,0.03571428571428571,0.0,0.015384615384615385,0.045454545454545456,0.0,0.0,0.0,0.018867924528301886,0.01694915254237288,0.017857142857142856,0.0,0.0,0.0,0.015384615384615385,0.0,0.043478260869565216,0.0,0.017857142857142856,0.0,0.01818181818181818,0.0,0.0,0.0,0.0
449212602,0.02040816326530612,0.0,0.0,0.017543859649122806,0.0,0.0,0.0,0.0,0.0,0.02,0.04,0.025,0.0,0.0,0.0,0.019230769230769232,0.022222222222222223,0.041666666666666664,0.0,0.0,0.02040816326530612,0.04,0.021739130434782608,0.028985507246376812,0.0,0.018867924528301886,0.01818181818181818,0.0,0.0,0.0,1.0,0.020833333333333332,0.041666666666666664,0.0,0.022727272727272728,0.0,0.0,0.04,0.014492753623188406,0.01694915254237288,0.0,0.0,0.017543859649122806,0.013888888888888888,0.01818181818181818,0.0,0.0136986301369863,0.017543859649122806,0.0,0.07317073170731707,0.0,0.0,0.019230769230769232,0.0,0.0,0.0,0.04081632653061224,0.0,0.021739130434782608,0.0,0.0,0.0,0.0,0.04081632653061224,0.0,0.02631578947368421,0.02564102564102564,0.0,0.0,0.0,0.0,0.0,0.01694915254237288,0.0,0.020833333333333332,0.015384615384615385,0.0,0.0392156862745098,0.0,0.0,0.0425531914893617,0.0,0.018518518518518517,0.0,0.0,0.021739130434782608,0.0,0.022222222222222223,0.05172413793103448,0.0,0.02,0.0,0.0,0.02631578947368421,0.0,0.0,0.022222222222222223,0.0,0.0392156862745098,0.0,0.022727272727272728,0.020833333333333332,0.0,0.05357142857142857,0.02564102564102564,0.015625,0.022222222222222223,0.0,0.0,0.0,0.0,0.0,0.022222222222222223,0.0
451524934,0.0,0.022222222222222223,0.0,0.0,0.0,0.0,0.0,0.0,0.0,0.0,0.0,0.02564102564102564,0.0,0.0,0.0,0.0,0.0,0.0425531914893617,0.01639344262295082,0.016129032258064516,0.0425531914893617,0.02,0.0,0.0,0.017543859649122806,0.0,0.0,0.0,0.022727272727272728,0.0,0.020833333333333332,1.0,0.0425531914893617,0.0,0.022988505747126436,0.015625,0.01639344262295082,0.02,0.029850746268656716,0.03508771929824561,0.0,0.0,0.0,0.0,0.03773584905660377,0.0,0.0,0.017857142857142856,0.019230769230769232,0.04878048780487805,0.0,0.0,0.0196078431372549,0.01639344262295082,0.0,0.021739130434782608,0.041666666666666664,0.0,0.022222222222222223,0.0,0.018867924528301886,0.025,0.0,0.02040816326530612,0.0,0.02702702702702703,0.0,0.0,0.0,0.0,0.041666666666666664,0.0,0.0,0.0,0.0,0.0,0.04081632653061224,0.0196078431372549,0.0,0.0,0.02127659574468085,0.0,0.018867924528301886,0.025,0.03636363636363636,0.0,0.0,0.022727272727272728,0.0,0.01639344262295082,0.02040816326530612,0.0,0.0,0.02702702702702703,0.0,0.0,0.0,0.0,0.0196078431372549,0.0,0.0,0.043478260869565216,0.0,0.0,0.0,0.0,0.0,0.020833333333333332,0.0,0.0,0.0,0.0,0.022727272727272728,0.0
345342968,0.0,0.0,0.0,0.0,0.0,0.0,0.0,0.0,0.0,0.02,0.0196078431372549,0.0,0.0,0.03773584905660377,0.0,0.0,0.045454545454545456,0.06382978723404255,0.0,0.0,0.0,0.061224489795918366,0.0,0.014285714285714285,0.0,0.0,0.0,0.0,0.0,0.0,0.041666666666666664,0.0425531914893617,1.0,0.0,0.034482758620689655,0.0,0.0,0.0196078431372549,0.014492753623188406,0.01694915254237288,0.0,0.0,0.017543859649122806,0.028169014084507043,0.01818181818181818,0.0,0.0,0.0,0.0,0.023255813953488372,0.0,0.0,0.019230769230769232,0.0,0.0,0.02127659574468085,0.02,0.0,0.0,0.018867924528301886,0.03773584905660377,0.0,0.0196078431372549,0.02,0.0,0.0,0.0,0.018867924528301886,0.0,0.0,0.02,0.0,0.0,0.0,0.0,0.0,0.0196078431372549,0.019230769230769232,0.0,0.0,0.020833333333333332,0.019230769230769232,0.03773584905660377,0.0,0.0,0.0,0.019230769230769232,0.022222222222222223,0.0,0.0,0.0,0.0,0.0,0.02631578947368421,0.0,0.0,0.0,0.0,0.0,0.0,0.0,0.020833333333333332,0.02,0.03508771929824561,0.0,0.0,0.045454545454545456,0.0,0.0,0.0,0.0,0.0,0.0,0.0
385484518,0.0,0.02564102564102564,0.016666666666666666,0.02,0.0,0.0,0.02,0.0,0.015873015873015872,0.0,0.0,0.0,0.015151515151515152,0.0,0.0,0.0,0.02631578947368421,0.0,0.037037037037037035,0.03636363636363636,0.0,0.022727272727272728,0.0,0.015873015873015872,0.0,0.0,0.0,0.0,0.0,0.0,0.0,0.0,0.0,1.0,0.024691358024691357,0.017241379310344827,0.01818181818181818,0.07142857142857142,0.0,0.0,0.0,0.0,0.0,0.015384615384615385,0.020833333333333332,0.017857142857142856,0.015151515151515152,0.02,0.021739130434782608,0.0,0.0,0.0,0.022222222222222223,0.0,0.0,0.0,0.07317073170731707,0.0,0.02564102564102564,0.0,0.02127659574468085,0.0,0.022727272727272728,0.0,0.0,0.0,0.0,0.0,0.0,0.0,0.0,0.017241379310344827,0.0,0.024390243902439025,0.05,0.0,0.022727272727272728,0.022222222222222223,0.017543859649122806,0.0,0.0,0.0,0.0,0.029411764705882353,0.0,0.0,0.0,0.0,0.018867924528301886,0.01818181818181818,0.023255813953488372,0.0196078431372549,0.0,0.0,0.0,0.020833333333333332,0.0,0.0,0.022222222222222223,0.023809523809523808,0.0,0.024390243902439025,0.023255813953488372,0.0,0.0,0.017543859649122806,0.02631578947368421,0.023809523809523808,0.0,0.0,0.0,0.0,0.0,0.0
345337662,0.022727272727272728,0.011627906976744186,0.0,0.06521739130434782,0.009708737864077669,0.0,0.020833333333333332,0.012345679012345678,0.01834862385321101,0.02247191011235955,0.0,0.02531645569620253,0.0,0.03260869565217391,0.0,0.010869565217391304,0.03614457831325301,0.046511627906976744,0.00980392156862745,0.009708737864077669,0.011235955056179775,0.05747126436781609,0.03571428571428571,0.027777777777777776,0.0,0.021739130434782608,0.0,0.0,0.0,0.010416666666666666,0.022727272727272728,0.022988505747126436,0.034482758620689655,0.024691358024691357,1.0,0.0,0.04040404040404041,0.045454545454545456,0.018518518518518517,0.02040816326530612,0.0,0.0,0.031578947368421054,0.02727272727272727,0.03225806451612903,0.009708737864077669,0.02702702702702703,0.010309278350515464,0.0,0.06329113924050633,0.0,0.0,0.02197802197802198,0.0,0.0,0.011494252873563218,0.02247191011235955,0.009523809523809525,0.0875,0.03296703296703297,0.03260869565217391,0.0,0.022222222222222223,0.03409090909090909,0.0,0.01282051282051282,0.05263157894736842,0.010752688172043012,0.0,0.0,0.011111111111111112,0.0,0.030927835051546393,0.0,0.011363636363636364,0.009523809523809525,0.01098901098901099,0.056818181818181816,0.029411764705882353,0.0,0.03488372093023256,0.010869565217391304,0.021505376344086023,0.0,0.010309278350515464,0.023529411764705882,0.03333333333333333,0.011764705882352941,0.030612244897959183,0.04040404040404041,0.03409090909090909,0.020618556701030927,0.01020408163265306,0.039473684210526314,0.0,0.010526315789473684,0.023809523809523808,0.0,0.0449438202247191,0.022727272727272728,0.011904761904761904,0.022988505747126436,0.02247191011235955,0.05319148936170213,0.0,0.029411764705882353,0.03614457831325301,0.011235955056179775,0.0,0.011363636363636364,0.017094017094017096,0.0,0.03614457831325301,0.025
446605239,0.015384615384615385,0.03278688524590164,0.0,0.0136986301369863,0.0,0.0,0.0136986301369863,0.0,0.0,0.015151515151515152,0.014925373134328358,0.0,0.011235955056179775,0.028985507246376812,0.015625,0.0,0.0,0.03125,0.01282051282051282,0.02564102564102564,0.0,0.030303030303030304,0.0,0.03571428571428571,0.07142857142857142,0.0,0.014084507042253521,0.0,0.0,0.0,0.0,0.015625,0.0,0.017241379310344827,0.0,1.0,0.01282051282051282,0.0,0.011764705882352941,0.02702702702702703,0.0,0.011363636363636364,0.0,0.047058823529411764,0.0,0.05263157894736842,0.022727272727272728,0.027777777777777776,0.014492753623188406,0.0,0.0,0.0,0.0,0.01282051282051282,0.0,0.015873015873015872,0.015151515151515152,0.012345679012345678,0.016129032258064516,0.0,0.04411764705882353,0.017543859649122806,0.046153846153846156,0.0,0.0,0.03773584905660377,0.0,0.014492753623188406,0.0,0.0,0.0,0.0,0.013333333333333334,0.015625,0.0,0.025,0.030303030303030304,0.0,0.0125,0.0,0.015625,0.0,0.014285714285714285,0.017543859649122806,0.0,0.0,0.014705882352941176,0.0,0.013157894736842105,0.01282051282051282,0.0,0.0,0.0,0.0,0.0,0.0,0.0,0.0,0.078125,0.0,0.0,0.0,0.03076923076923077,0.0,0.01818181818181818,0.0,0.0,0.047619047619047616,0.0,0.0,0.010638297872340425,0.018518518518518517,0.0,0.0
590353403,0.016129032258064516,0.0,0.0125,0.04411764705882353,0.0,0.0,0.014285714285714285,0.0,0.012048192771084338,0.0,0.0,0.0,0.023529411764705882,0.014925373134328358,0.0,0.047619047619047616,0.017241379310344827,0.0,0.013333333333333334,0.0,0.016129032258064516,0.031746031746031744,0.0,0.024390243902439025,0.02857142857142857,0.015151515151515152,0.045454545454545456,0.0,0.0,0.0,0.0,0.01639344262295082,0.0,0.01818181818181818,0.04040404040404041,0.01282051282051282,1.0,0.015625,0.012195121951219513,0.0,0.0,0.0,0.109375,0.0,0.014705882352941176,0.04054054054054054,0.011627906976744186,0.05970149253731343,0.0,0.0,0.07407407407407407,0.07352941176470588,0.015384615384615385,0.013333333333333334,0.0,0.03389830508474576,0.015873015873015872,0.0,0.034482758620689655,0.015151515151515152,0.030303030303030304,0.0,0.015625,0.0,0.0,0.0,0.0,0.0,0.0,0.012658227848101266,0.0,0.01282051282051282,0.0,0.0,0.01639344262295082,0.0,0.0,0.015384615384615385,0.012987012987012988,0.0,0.01639344262295082,0.0,0.0,0.018518518518518517,0.014285714285714285,0.034482758620689655,0.0,0.0,0.027777777777777776,1.0,0.0,0.014084507042253521,0.014084507042253521,0.0,0.0,0.014705882352941176,0.0,0.0,0.015384615384615385,0.05,0.11538461538461539,0.03333333333333333,0.03225806451612903,0.0,0.0,0.02631578947368421,0.017241379310344827,0.016129032258064516,0.017543859649122806,0.06896551724137931,0.033707865168539325,0.0,0.0,0.018518518518518517
684874350,0.0,0.020833333333333332,0.0,0.034482758620689655,0.0,0.022727272727272728,0.01694915254237288,0.023255813953488372,0.013888888888888888,0.0392156862745098,0.0,0.0,0.013333333333333334,0.05555555555555555,0.0,0.0,0.02127659574468085,0.0196078431372549,0.04838709677419355,0.015384615384615385,0.0,0.058823529411764705,0.020833333333333332,0.028169014084507043,0.0,0.037037037037037035,0.0,0.0,0.0,0.017241379310344827,0.04,0.02,0.0196078431372549,0.07142857142857142,0.045454545454545456,0.0,0.015625,1.0,0.014084507042253521,0.0,0.0,0.013513513513513514,0.0,0.0273972602739726,0.05454545454545454,0.047619047619047616,0.0,0.0,0.0,0.045454545454545456,0.013333333333333334,0.0,0.03773584905660377,0.0,0.0,0.041666666666666664,0.019230769230769232,0.014925373134328358,0.0425531914893617,0.0,0.03636363636363636,0.0,0.018867924528301886,0.0392156862745098,0.0,0.0,0.024390243902439025,0.01818181818181818,0.0,0.0,0.0,0.014925373134328358,0.0,0.0,0.0625,0.030303030303030304,0.0,0.0784313725490196,0.015151515151515152,0.014084507042253521,0.0,0.0,0.0,0.023255813953488372,0.0,0.0,0.0,0.06666666666666667,0.016129032258064516,0.015625,0.0392156862745098,0.016666666666666666,0.016666666666666666,0.05128205128205128,0.0,0.017543859649122806,0.02127659574468085,0.0,0.018518518518518517,0.0196078431372549,0.0,0.04081632653061224,0.0,0.0,0.0,0.03076923076923077,0.23076923076923078,0.0196078431372549,0.021739130434782608,0.0,0.0,0.0,0.02127659574468085,0.0
312305060,0.014492753623188406,0.03076923076923077,0.03529411764705882,0.012987012987012988,0.0,0.0,0.012987012987012988,0.0,0.02247191011235955,0.028985507246376812,0.0,0.016666666666666666,0.03296703296703297,0.013513513513513514,0.014705882352941176,0.013888888888888888,0.0,0.029411764705882353,0.024691358024691357,0.0,0.014492753623188406,0.043478260869565216,0.03076923076923077,0.02247191011235955,0.0,0.027777777777777776,0.013333333333333334,0.0,0.0,0.0,0.014492753623188406,0.029850746268656716,0.014492753623188406,0.0,0.018518518518518517,0.011764705882352941,0.012195121951219513,0.014084507042253521,1.0,0.012658227848101266,0.0,0.010869565217391304,0.012987012987012988,0.010869565217391304,0.02702702702702703,0.012048192771084338,0.021739130434782608,0.02631578947368421,0.0136986301369863,0.04918032786885246,0.010752688172043012,0.0,0.013888888888888888,0.0,0.0,0.030303030303030304,0.028985507246376812,0.023809523809523808,0.03076923076923077,0.0136986301369863,0.013513513513513514,0.0,0.0,0.014285714285714285,0.013513513513513514,0.017241379310344827,0.01694915254237288,0.0,0.0,0.011627906976744186,0.0,0.011764705882352941,0.012658227848101266,0.0,0.014705882352941176,0.0,0.014084507042253521,0.028169014084507043,0.0,0.022727272727272728,0.014705882352941176,0.0,0.013513513513513514,0.01639344262295082,0.012987012987012988,0.015151515151515152,0.013888888888888888,0.0,0.0125,0.012195121951219513,0.014285714285714285,0.0,0.025974025974025976,0.03508771929824561,0.0,0.0,0.015384615384615385,0.0,0.013888888888888888,0.0,0.015625,0.0,0.014285714285714285,0.025974025974025976,0.0,0.011904761904761904,0.015384615384615385,0.014492753623188406,0.0,0.0,0.01020408163265306,0.0,0.015384615384615385,0.0
679746048,0.01694915254237288,0.03636363636363636,0.0,0.0,0.0,0.0,0.014925373134328358,0.0,0.0125,0.05172413793103448,0.0,0.0,0.0,0.015625,0.0,0.03278688524590164,0.037037037037037035,0.05263157894736842,0.013888888888888888,0.04225352112676056,0.01694915254237288,0.01639344262295082,0.017857142857142856,0.038461538461538464,0.014705882352941176,0.015873015873015872,0.015384615384615385,0.0,0.01818181818181818,0.015151515151515152,0.01694915254237288,0.03508771929824561,0.01694915254237288,0.0,0.02040816326530612,0.02702702702702703,0.0,0.0,0.012658227848101266,1.0,0.0,0.012195121951219513,0.0,0.0375,0.0,0.0,0.0,0.0625,0.0,0.038461538461538464,0.0,0.014492753623188406,0.0,0.0,0.020833333333333332,0.03571428571428571,0.03389830508474576,0.0,0.0,0.03225806451612903,0.04838709677419355,0.0196078431372549,0.03333333333333333,0.0,0.015625,0.020833333333333332,0.0,0.015873015873015872,0.022222222222222223,0.0,0.03389830508474576,0.0,0.0,0.0,0.0,0.0,0.03333333333333333,0.0,0.013513513513513514,0.0,0.03508771929824561,0.0,0.04838709677419355,0.0,0.014925373134328358,0.0,0.03278688524590164,0.0,0.04411764705882353,0.0,0.016666666666666666,0.014705882352941176,0.014705882352941176,0.0,0.022222222222222223,0.0,0.0,0.017857142857142856,0.03278688524590164,0.0,0.0,0.0,0.03389830508474576,0.014705882352941176,0.041666666666666664,0.0273972602739726,0.01818181818181818,0.0,0.03773584905660377,0.0,0.011363636363636364,0.0,0.01818181818181818,0.0
1558743669,0.0,0.0,0.0,0.0,0.0,0.0,0.0,0.0,0.0,0.0,0.0,0.0,0.0,0.0,0.0,0.0,0.0,0.0,0.0,0.0,0.0,0.0,0.0,0.0,0.0,0.0,0.0,0.0,0.0,0.0,0.0,0.0,0.0,0.0,0.0,0.0,0.0,0.0,0.0,0.0,0.0,0.0,0.0,0.0,0.0,0.0,0.0,0.0,0.0,0.0,0.0,0.0,0.0,0.0,0.0,0.0,0.0,0.0,0.0,0.0,0.0,0.0,0.0,0.0,0.0,0.0,0.0,0.0,0.0,0.0,0.0,0.0,0.0,0.0,0.0,0.0,0.0,0.0,0.0,0.0,0.0,0.0,0.0,0.0,0.0,0.0,0.0,0.0,0.0,0.0,0.0,0.0,0.0,0.0,0.0,0.0,0.0,0.0,0.0,0.0,0.0,0.0,0.0,0.0,0.0,0.0,0.0,0.0,0.0,0.0,0.0,0.0,0.0,0.0
440221471,0.04285714285714286,0.029411764705882353,0.0,0.0,0.0,0.0,0.0125,0.0,0.0,0.0136986301369863,0.0,0.015873015873015872,0.031914893617021274,0.012987012987012988,0.0,0.0,0.0,0.0,0.011764705882352941,0.0,0.0,0.0273972602739726,0.014492753623188406,0.0,0.012345679012345678,0.013157894736842105,0.0,0.0,0.0,0.0,0.0,0.0,0.0,0.0,0.0,0.011363636363636364,0.0,0.013513513513513514,0.010869565217391304,0.012195121951219513,0.0,1.0,0.0,0.0,0.01282051282051282,0.011627906976744186,0.0,0.02531645569620253,0.0,0.0,0.021052631578947368,0.0,0.0,0.011764705882352941,0.0,0.014285714285714285,0.027777777777777776,0.011363636363636364,0.0,0.02666666666666667,0.0,0.0,0.0,0.0,0.0,0.0,0.0,0.013157894736842105,0.0,0.0,0.0,0.022988505747126436,0.0,0.014084507042253521,0.014084507042253521,0.03488372093023256,0.0,0.0,0.011494252873563218,0.010869565217391304,0.0,0.0,0.0,0.0,0.0,0.0,0.02702702702702703,0.0,0.024390243902439025,0.0,0.0136986301369863,0.025,0.025,0.0,0.0,0.0,0.0,0.0,0.0,0.028169014084507043,0.0,0.0,0.0,0.0,0.0,0.0,0.0,0.0,0.0,0.0,0.0,0.0,0.0,0.0
439064872,0.017543859649122806,0.0,0.0,0.015384615384615385,0.014084507042253521,0.0,0.0,0.0,0.0,0.03508771929824561,0.0,0.020833333333333332,0.012345679012345678,0.0,0.0,0.0,0.018867924528301886,0.017543859649122806,0.014285714285714285,0.0,0.017543859649122806,0.034482758620689655,0.03773584905660377,0.01282051282051282,0.0,0.01639344262295082,0.0,0.0,0.0,0.0,0.017543859649122806,0.0,0.017543859649122806,0.0,0.031578947368421054,0.0,0.109375,0.0,0.012987012987012988,0.0,0.0,0.0,1.0,0.0125,0.015873015873015872,0.0,0.025,0.015384615384615385,0.0,0.0196078431372549,0.09333333333333334,0.11475409836065574,0.0,0.0,0.0,0.037037037037037035,0.017241379310344827,0.0,0.03773584905660377,0.0,0.03278688524590164,0.02040816326530612,0.0,0.017241379310344827,0.0,0.021739130434782608,0.043478260869565216,0.0,0.0,0.0,0.0,0.0136986301369863,0.014925373134328358,0.0,0.017857142857142856,0.0,0.0,0.03389830508474576,0.0,0.0,0.017857142857142856,0.016666666666666666,0.016129032258064516,0.02040816326530612,0.0,0.018518518518518517,0.0,0.018867924528301886,0.014705882352941176,0.109375,0.017241379310344827,0.015151515151515152,0.0,0.0,0.0,0.0,0.038461538461538464,0.018518518518518517,0.016666666666666666,0.03571428571428571,0.10416666666666667,0.0,0.0,0.03076923076923077,0.0,0.0,0.018867924528301886,0.0,0.0392156862745098,0.16326530612244897,0.03571428571428571,0.0,0.038461538461538464,0.0
60959037,0.0,0.014492753623188406,0.011111111111111112,0.0125,0.023529411764705882,0.015384615384615385,0.0125,0.015625,0.0,0.027777777777777776,0.0,0.0,0.021052631578947368,0.02631578947368421,0.014084507042253521,0.0,0.045454545454545456,0.04285714285714286,0.011764705882352941,0.011627906976744186,0.028169014084507043,0.056338028169014086,0.014492753623188406,0.044444444444444446,0.0,0.013157894736842105,0.0,0.0,0.014705882352941176,0.02564102564102564,0.013888888888888888,0.0,0.028169014084507043,0.015384615384615385,0.02727272727272727,0.047058823529411764,0.0,0.0273972602739726,0.010869565217391304,0.0375,0.0,0.0,0.0125,1.0,0.01282051282051282,0.03571428571428571,0.010416666666666666,0.038461538461538464,0.04054054054054054,0.03076923076923077,0.0,0.0,0.0,0.011764705882352941,0.0,0.014285714285714285,0.027777777777777776,0.0,0.014492753623188406,0.02666666666666667,0.012987012987012988,0.031746031746031744,0.056338028169014086,0.0,0.012987012987012988,0.0,0.016129032258064516,0.02666666666666667,0.017241379310344827,0.0,0.0136986301369863,0.0,0.0,0.014084507042253521,0.0,0.022988505747126436,0.0273972602739726,0.013333333333333334,0.0,0.010869565217391304,0.043478260869565216,0.013333333333333334,0.04,0.015625,0.0,0.014492753623188406,0.02702702702702703,0.0,0.0,0.0,0.0136986301369863,0.0,0.0,0.01639344262295082,0.017241379310344827,0.0,0.014705882352941176,0.014492753623188406,0.02702702702702703,0.0,0.0,0.0,0.05714285714285714,0.025,0.03278688524590164,0.011494252873563218,0.045454545454545456,0.028169014084507043,0.0,0.014084507042253521,0.02,0.0,0.0,0.0
014028009X,0.01818181818181818,0.019230769230769232,0.0136986301369863,0.0,0.014492753623188406,0.0,0.015873015873015872,0.02127659574468085,0.013157894736842105,0.03636363636363636,0.0,0.021739130434782608,0.012658227848101266,0.03389830508474576,0.018518518518518517,0.0,0.0196078431372549,0.01818181818181818,0.029850746268656716,0.0,0.0,0.05454545454545454,0.0,0.02666666666666667,0.0,0.01694915254237288,0.0,0.019230769230769232,0.0,0.0,0.01818181818181818,0.03773584905660377,0.01818181818181818,0.020833333333333332,0.03225806451612903,0.0,0.014705882352941176,0.05454545454545454,0.02702702702702703,0.0,0.0,0.01282051282051282,0.015873015873015872,0.01282051282051282,1.0,0.029411764705882353,0.0,0.0,0.0,0.02040816326530612,0.02564102564102564,0.015384615384615385,0.03508771929824561,0.0,0.0,0.018867924528301886,0.017857142857142856,0.0,0.0392156862745098,0.0,0.016666666666666666,0.043478260869565216,0.017543859649122806,0.017857142857142856,0.0,0.0,0.0,0.0,0.0,0.0,0.0,0.014084507042253521,0.0,0.018518518518518517,0.03773584905660377,0.014084507042253521,0.0,0.017241379310344827,0.014285714285714285,0.0,0.0,0.017241379310344827,0.0,0.043478260869565216,0.0,0.0,0.0,0.0196078431372549,0.015151515151515152,0.014705882352941176,0.0,0.015625,0.015625,0.046511627906976744,0.0,0.01639344262295082,0.0,0.0,0.017241379310344827,0.01818181818181818,0.0,0.057692307692307696,0.0,0.0,0.0,0.014285714285714285,0.0,0.01818181818181818,0.0,0.018518518518518517,0.0,0.0,0.0,0.0
452282829,0.015873015873015872,0.016666666666666666,0.0,0.0,0.0,0.017857142857142856,0.043478260869565216,0.0,0.024096385542168676,0.015625,0.015384615384615385,0.0,0.023255813953488372,0.09523809523809523,0.0,0.015151515151515152,0.01694915254237288,0.0,0.0547945205479452,0.0,0.015873015873015872,0.06451612903225806,0.0,0.024096385542168676,0.028169014084507043,0.030303030303030304,0.014492753623188406,0.0,0.0,0.014285714285714285,0.0,0.0,0.0,0.017857142857142856,0.009708737864077669,0.05263157894736842,0.04054054054054054,0.047619047619047616,0.012048192771084338,0.0,0.0,0.011627906976744186,0.0,0.03571428571428571,0.029411764705882353,1.0,0.011494252873563218,0.0,0.014925373134328358,0.017543859649122806,0.011494252873563218,0.0,0.03076923076923077,0.013157894736842105,0.0,0.03333333333333333,0.015625,0.0,0.03389830508474576,0.014925373134328358,0.029850746268656716,0.01818181818181818,0.08196721311475409,0.0,0.014705882352941176,0.0,0.0,0.030303030303030304,0.02040816326530612,0.0,0.0,0.02564102564102564,0.0136986301369863,0.0,0.05,0.02564102564102564,0.015384615384615385,0.0,0.01282051282051282,0.0,0.0,0.0,0.0,0.01818181818181818,0.0,0.0,0.046875,0.01694915254237288,0.0273972602739726,0.04054054054054054,0.0,0.013888888888888888,0.013888888888888888,0.019230769230769232,0.02040816326530612,0.029411764705882353,0.0,0.016666666666666666,0.046875,0.015873015873015872,0.0,0.016129032258064516,0.015625,0.0,0.018867924528301886,0.01282051282051282,0.05263157894736842,0.03225806451612903,0.0,0.0,0.010869565217391304,0.019230769230769232,0.0,0.0
385722206,0.027777777777777776,0.014285714285714285,0.0,0.025,0.0,0.015151515151515152,0.0,0.0,0.010638297872340425,0.0273972602739726,0.0,0.015625,0.0,0.01282051282051282,0.0,0.0,0.0,0.0,0.023529411764705882,0.011494252873563218,0.027777777777777776,0.013333333333333334,0.028985507246376812,0.021505376344086023,0.0,0.012987012987012988,0.012658227848101266,0.0,0.0,0.0125,0.0136986301369863,0.0,0.0,0.015151515151515152,0.02702702702702703,0.022727272727272728,0.011627906976744186,0.0,0.021739130434782608,0.0,0.0,0.0,0.025,0.010416666666666666,0.0,0.011494252873563218,1.0,0.012345679012345678,0.012987012987012988,0.0625,0.020833333333333332,0.0,0.0,0.0,0.016129032258064516,0.014084507042253521,0.013513513513513514,0.011235955056179775,0.028985507246376812,0.012987012987012988,0.0,0.0,0.013333333333333334,0.013513513513513514,0.01282051282051282,0.016129032258064516,0.015873015873015872,0.0,0.0,0.011111111111111112,0.0,0.0,0.012048192771084338,0.013888888888888888,0.0,0.011235955056179775,0.02702702702702703,0.013157894736842105,0.0,0.0,0.013888888888888888,0.0,0.01282051282051282,0.047619047619047616,0.0,0.014285714285714285,0.0,0.014492753623188406,0.024096385542168676,0.011627906976744186,0.013513513513513514,0.012195121951219513,0.012195121951219513,0.016129032258064516,0.0,0.0,0.04477611940298507,0.0,0.013157894736842105,0.0,0.014705882352941176,0.013888888888888888,0.013513513513513514,0.0375,0.0,0.0,0.0,0.0,0.0,0.0,0.00980392156862745,0.0,0.014492753623188406,0.015384615384615385
446608955,0.0,0.03773584905660377,0.0,0.0,0.014084507042253521,0.0,0.015384615384615385,0.0,0.0,0.0,0.0,0.0,0.0,0.0,0.0,0.05172413793103448,0.018867924528301886,0.017543859649122806,0.014285714285714285,0.014084507042253521,0.03571428571428571,0.01694915254237288,0.057692307692307696,0.039473684210526314,0.046875,0.03333333333333333,0.015873015873015872,0.0,0.018867924528301886,0.031746031746031744,0.017543859649122806,0.017857142857142856,0.0,0.02,0.010309278350515464,0.027777777777777776,0.05970149253731343,0.0,0.02631578947368421,0.0625,0.0,0.02531645569620253,0.015384615384615385,0.038461538461538464,0.0,0.0,0.012345679012345678,1.0,0.0,0.04,0.025,0.030303030303030304,0.0,0.014285714285714285,0.021739130434782608,0.01818181818181818,0.03508771929824561,0.0,0.018518518518518517,0.01639344262295082,0.03278688524590164,0.0,0.034482758620689655,0.0,0.0,0.0,0.0,0.0,0.0,0.013513513513513514,0.0,0.027777777777777776,0.0,0.017857142857142856,0.0,0.0,0.034482758620689655,0.0,0.0,0.0,0.017857142857142856,0.016666666666666666,0.03278688524590164,0.02040816326530612,0.03125,0.018518518518518517,0.03389830508474576,0.0,0.0,0.05970149253731343,0.017241379310344827,0.0,0.03076923076923077,0.021739130434782608,0.0,0.0,0.018867924528301886,0.03773584905660377,0.016666666666666666,0.0,0.019230769230769232,0.0,0.017241379310344827,0.0,0.02127659574468085,0.028169014084507043,0.0,0.0,0.0,0.03636363636363636,0.023529411764705882,0.0,0.0,0.0
440241073,0.0,0.0,0.014084507042253521,0.0,0.0,0.021739130434782608,0.01639344262295082,0.0,0.0,0.0,0.0,0.0,0.012987012987012988,0.0,0.0,0.0,0.0,0.0,0.0,0.0,0.018867924528301886,0.0,0.0,0.0273972602739726,0.016129032258064516,0.0,0.0,0.0,0.0,0.0,0.0,0.019230769230769232,0.0,0.021739130434782608,0.0,0.014492753623188406,0.0,0.0,0.0136986301369863,0.0,0.0,0.0,0.0,0.04054054054054054,0.0,0.014925373134328358,0.012987012987012988,0.0,1.0,0.0,0.012987012987012988,0.0,0.0,0.015151515151515152,0.0,0.0,0.0,0.0,0.0,0.017543859649122806,0.017241379310344827,0.022222222222222223,0.01818181818181818,0.0,0.0,0.023809523809523808,0.0,0.017543859649122806,0.02564102564102564,0.014285714285714285,0.0,0.0,0.0,0.0,0.0,0.014492753623188406,0.01818181818181818,0.0,0.0,0.0,0.0,0.0,0.0,0.022222222222222223,0.0,0.0,0.017857142857142856,0.0,0.0,0.0,0.0,0.0,0.016129032258064516,0.0,0.02564102564102564,0.0,0.0,0.0,0.0,0.0,0.020833333333333332,0.019230769230769232,0.0,0.0,0.023255813953488372,0.0,0.02040816326530612,0.0,0.020833333333333332,0.0,0.0375,0.0,0.0,0.0
804114986,0.047619047619047616,0.0,0.0,0.061224489795918366,0.0,0.0,0.0,0.02857142857142857,0.015625,0.022727272727272728,0.0,0.029411764705882353,0.0,0.0,0.0,0.021739130434782608,0.02564102564102564,0.023255813953488372,0.03636363636363636,0.0,0.023255813953488372,0.045454545454545456,0.025,0.015625,0.019230769230769232,0.02127659574468085,0.0,0.0,0.0,0.02,0.07317073170731707,0.04878048780487805,0.023255813953488372,0.0,0.06329113924050633,0.0,0.0,0.045454545454545456,0.04918032786885246,0.038461538461538464,0.0,0.0,0.0196078431372549,0.03076923076923077,0.02040816326530612,0.017543859649122806,0.0625,0.04,0.0,1.0,0.0,0.018867924528301886,0.021739130434782608,0.0,0.06451612903225806,0.0,0.022727272727272728,0.01694915254237288,0.07894736842105263,0.02127659574468085,0.020833333333333332,0.0,0.0,0.07142857142857142,0.020833333333333332,0.03125,0.0967741935483871,0.02127659574468085,0.0,0.0,0.022727272727272728,0.0,0.018867924528301886,0.0,0.0,0.01694915254237288,0.0,0.11904761904761904,0.0,0.0,0.04878048780487805,0.0,0.0425531914893617,0.02857142857142857,0.0,0.025,0.0,0.02564102564102564,0.03773584905660377,0.0,0.046511627906976744,0.0,0.0,0.13793103448275862,0.0,0.02040816326530612,0.02564102564102564,0.0,0.044444444444444446,0.0,0.02631578947368421,0.023809523809523808,0.0,0.0392156862745098,0.030303030303030304,0.017241379310344827,0.02564102564102564,0.0,0.0,0.0,0.0,0.0,0.08108108108108109,0.02857142857142857
439136369,0.0,0.014285714285714285,0.0,0.0,0.0,0.0,0.0,0.0,0.0,0.013513513513513514,0.013333333333333334,0.0,0.020833333333333332,0.01282051282051282,0.0,0.0,0.0,0.0,0.023529411764705882,0.0,0.0,0.013333333333333334,0.0,0.021505376344086023,0.0,0.04,0.0,0.028985507246376812,0.014492753623188406,0.0,0.0,0.0,0.0,0.0,0.0,0.0,0.07407407407407407,0.013333333333333334,0.010752688172043012,0.0,0.0,0.021052631578947368,0.09333333333333334,0.0,0.02564102564102564,0.011494252873563218,0.020833333333333332,0.025,0.012987012987012988,0.0,1.0,0.18309859154929578,0.0,0.0,0.016129032258064516,0.043478260869565216,0.0,0.011235955056179775,0.0,0.0,0.025974025974025976,0.03125,0.0,0.0,0.0,0.0,0.0,0.0,0.0,0.02247191011235955,0.0,0.022727272727272728,0.012048192771084338,0.0,0.013888888888888888,0.022727272727272728,0.0,0.013157894736842105,0.011363636363636364,0.0,0.0,0.0,0.0,0.015384615384615385,0.0,0.0,0.0,0.0,0.024096385542168676,0.07407407407407407,0.0,0.012195121951219513,0.024691358024691357,0.0,0.0,0.0,0.0,0.014285714285714285,0.0,0.0,0.09523809523809523,0.0,0.0,0.0,0.0,0.0,0.0,0.0,0.029850746268656716,0.057971014492753624,0.08421052631578947,0.0,0.0,0.015384615384615385
439139600,0.0,0.0,0.0,0.014925373134328358,0.0,0.0,0.0,0.0,0.0,0.016666666666666666,0.0,0.0,0.0,0.0,0.0,0.016129032258064516,0.0,0.01694915254237288,0.0,0.0,0.0,0.01639344262295082,0.0,0.0,0.0,0.0,0.0,0.0,0.0,0.0,0.0,0.0,0.0,0.0,0.0,0.0,0.07352941176470588,0.0,0.0,0.014492753623188406,0.0,0.0,0.11475409836065574,0.0,0.015384615384615385,0.0,0.0,0.030303030303030304,0.0,0.018867924528301886,0.18309859154929578,1.0,0.0,0.0,0.0,0.017543859649122806,0.0,0.0,0.0,0.0,0.0,0.0196078431372549,0.0,0.03389830508474576,0.0,0.0,0.0,0.0,0.0,0.0,0.0,0.013333333333333334,0.0,0.0,0.0,0.0,0.0,0.0,0.0,0.0,0.0,0.0,0.0,0.0196078431372549,0.0,0.017857142857142856,0.0,0.0,0.0,0.07352941176470588,0.0,0.0,0.0,0.0,0.0,0.0,0.0,0.0,0.0,0.0,0.057692307692307696,0.0,0.0,0.0,0.0,0.0,0.0,0.0,0.057692307692307696,0.11320754716981132,0.05952380952380952,0.0,0.0,0.0
449005615,0.0,0.0,0.0,0.0,0.015151515151515152,0.0,0.016666666666666666,0.022727272727272728,0.027777777777777776,0.0,0.0,0.0,0.0,0.0,0.0,0.0,0.0425531914893617,0.019230769230769232,0.015384615384615385,0.0,0.019230769230769232,0.057692307692307696,0.0,0.0,0.0,0.0,0.0,0.0,0.0,0.0,0.019230769230769232,0.0196078431372549,0.019230769230769232,0.022222222222222223,0.02197802197802198,0.0,0.015384615384615385,0.03773584905660377,0.013888888888888888,0.0,0.0,0.0,0.0,0.0,0.03508771929824561,0.03076923076923077,0.0,0.0,0.0,0.021739130434782608,0.0,0.0,1.0,0.0,0.0,0.0,0.018867924528301886,0.0,0.02040816326530612,0.0,0.017543859649122806,0.0,0.018518518518518517,0.018867924528301886,0.03571428571428571,0.0,0.0,0.0,0.0,0.0,0.0,0.0,0.0,0.0,0.0196078431372549,0.0,0.0,0.01818181818181818,0.014925373134328358,0.0,0.0,0.01818181818181818,0.0,0.0,0.0,0.0,0.0,0.020833333333333332,0.015873015873015872,0.015384615384615385,0.0,0.01639344262295082,0.0,0.024390243902439025,0.0,0.017241379310344827,0.0,0.0,0.037037037037037035,0.019230769230769232,0.0,0.04,0.0,0.0,0.0,0.014925373134328358,0.020833333333333332,0.019230769230769232,0.0,0.0,0.0,0.0,0.0,0.022727272727272728
440225701,0.0,0.0,0.0,0.0,0.0,0.0,0.05970149253731343,0.0,0.012048192771084338,0.0,0.015625,0.0,0.023529411764705882,0.0,0.01639344262295082,0.0,0.0,0.03278688524590164,0.0,0.0,0.016129032258064516,0.0,0.034482758620689655,0.024390243902439025,0.02857142857142857,0.0,0.0,0.0,0.0,0.014492753623188406,0.0,0.01639344262295082,0.0,0.0,0.0,0.01282051282051282,0.013333333333333334,0.0,0.0,0.0,0.0,0.011764705882352941,0.0,0.011764705882352941,0.0,0.013157894736842105,0.0,0.014285714285714285,0.015151515151515152,0.0,0.0,0.0,0.0,1.0,0.0,0.0,0.0,0.0,0.0,0.0,0.0,0.0,0.0,0.015873015873015872,0.0,0.0,0.0,0.015151515151515152,0.0,0.0,0.0,0.0,0.04285714285714286,0.0,0.01639344262295082,0.01282051282051282,0.0,0.0,0.0,0.0,0.01639344262295082,0.0,0.0,0.0,0.028985507246376812,0.0,0.06451612903225806,0.017241379310344827,0.027777777777777776,0.013333333333333334,0.0,0.014084507042253521,0.014084507042253521,0.0196078431372549,0.0,0.045454545454545456,0.0,0.0,0.0,0.03278688524590164,0.0,0.0,0.0,0.014084507042253521,0.019230769230769232,0.0,0.0,0.016129032258064516,0.0,0.0,0.01098901098901099,0.0,0.0,0.018518518518518517
804106304,0.0,0.0,0.0,0.0,0.0,0.0,0.0,0.0,0.0,0.0,0.0,0.0,0.0,0.0,0.02702702702702703,0.024390243902439025,0.0,0.0,0.0,0.0,0.0,0.0,0.0,0.0,0.02127659574468085,0.04878048780487805,0.0,0.0,0.029411764705882353,0.0,0.0,0.0,0.0,0.0,0.0,0.0,0.0,0.0,0.0,0.020833333333333332,0.0,0.0,0.0,0.0,0.0,0.0,0.016129032258064516,0.021739130434782608,0.0,0.06451612903225806,0.016129032258064516,0.0,0.0,0.0,1.0,0.0,0.0,0.0,0.0,0.023809523809523808,0.0,0.0,0.0,0.0,0.0,0.0,0.0,0.0,0.0,0.0,0.08108108108108109,0.0,0.0,0.0,0.0,0.0,0.0,0.0,0.018867924528301886,0.0,0.0,0.0,0.023255813953488372,0.0,0.021739130434782608,0.0,0.0,0.0,0.0,0.0,0.0,0.0,0.02127659574468085,0.0,0.0,0.0,0.0,0.0,0.0,0.0,0.0,0.0,0.0,0.0,0.0,0.0,0.0,0.0,0.0,0.0,0.0,0.0,0.0,0.03333333333333333
316769487,0.0,0.046511627906976744,0.0,0.0,0.0,0.0,0.01818181818181818,0.0,0.0,0.0425531914893617,0.02040816326530612,0.0,0.02857142857142857,0.06,0.0,0.0,0.047619047619047616,0.043478260869565216,0.05172413793103448,0.01639344262295082,0.0,0.041666666666666664,0.0,0.014705882352941176,0.017857142857142856,0.061224489795918366,0.0,0.0,0.023255813953488372,0.0,0.0,0.021739130434782608,0.02127659574468085,0.0,0.011494252873563218,0.015873015873015872,0.03389830508474576,0.041666666666666664,0.030303030303030304,0.03571428571428571,0.0,0.014285714285714285,0.037037037037037035,0.014285714285714285,0.018867924528301886,0.03333333333333333,0.014084507042253521,0.01818181818181818,0.0,0.0,0.043478260869565216,0.017543859649122806,0.0,0.0,0.0,1.0,0.0,0.0,0.0,0.04,0.019230769230769232,0.0,0.02040816326530612,0.020833333333333332,0.0,0.027777777777777776,0.0,0.0196078431372549,0.0,0.031746031746031744,0.0425531914893617,0.03225806451612903,0.0,0.0,0.021739130434782608,0.0,0.02040816326530612,0.0,0.0,0.0,0.021739130434782608,0.0,0.0392156862745098,0.0,0.0,0.0,0.02,0.0,0.017241379310344827,0.03389830508474576,0.0,0.0,0.017857142857142856,0.0,0.0,0.0,0.0,0.0,0.02,0.02127659574468085,0.0,0.0,0.020833333333333332,0.017857142857142856,0.0,0.0,0.023255813953488372,0.0,0.0,0.044444444444444446,0.0,0.0,0.0,0.0
786868716,0.02,0.0,0.0,0.017241379310344827,0.015625,0.0,0.017241379310344827,0.0,0.014084507042253521,0.0196078431372549,0.0,0.05,0.0,0.0,0.0,0.0,0.021739130434782608,0.02,0.015873015873015872,0.0,0.0851063829787234,0.06,0.043478260869565216,0.014084507042253521,0.0,0.03773584905660377,0.017857142857142856,0.0,0.0,0.0,0.04081632653061224,0.041666666666666664,0.02,0.07317073170731707,0.02247191011235955,0.015151515151515152,0.015873015873015872,0.019230769230769232,0.028985507246376812,0.03389830508474576,0.0,0.027777777777777776,0.017241379310344827,0.027777777777777776,0.017857142857142856,0.015625,0.013513513513513514,0.03508771929824561,0.0,0.022727272727272728,0.0,0.0,0.018867924528301886,0.0,0.0,0.0,1.0,0.015151515151515152,0.043478260869565216,0.018518518518518517,0.037037037037037035,0.0,0.019230769230769232,0.0196078431372549,0.01818181818181818,0.02564102564102564,0.05128205128205128,0.0,0.0,0.0,0.0,0.0,0.016666666666666666,0.0,0.041666666666666664,0.0,0.019230769230769232,0.018867924528301886,0.015384615384615385,0.014285714285714285,0.02040816326530612,0.0,0.0,0.0,0.0,0.02127659574468085,0.018867924528301886,0.0,0.05084745762711865,0.015873015873015872,0.0196078431372549,0.01694915254237288,0.0,0.0,0.0,0.017857142857142856,0.044444444444444446,0.02127659574468085,0.038461538461538464,0.02,0.022222222222222223,0.02040816326530612,0.0,0.034482758620689655,0.0,0.015384615384615385,0.0,0.04081632653061224,0.0,0.02040816326530612,0.0,0.0,0.021739130434782608,0.023809523809523808
452282152,0.015384615384615385,0.0,0.0,0.0,0.0,0.0,0.0,0.0,0.023529411764705882,0.015151515151515152,0.014925373134328358,0.0,0.011235955056179775,0.028985507246376812,0.015625,0.0,0.0,0.0,0.025974025974025976,0.0,0.03125,0.014925373134328358,0.0,0.011627906976744186,0.0,0.0,0.014084507042253521,0.016129032258064516,0.0,0.0,0.0,0.0,0.0,0.0,0.009523809523809525,0.012345679012345678,0.0,0.014925373134328358,0.023809523809523808,0.0,0.0,0.011363636363636364,0.0,0.0,0.0,0.0,0.011235955056179775,0.0,0.0,0.01694915254237288,0.011235955056179775,0.0,0.0,0.0,0.0,0.0,0.015151515151515152,1.0,0.0,0.029411764705882353,0.04411764705882353,0.0,0.0,0.0,0.014285714285714285,0.0,0.0,0.014492753623188406,0.0196078431372549,0.012195121951219513,0.0,0.0,0.0,0.0,0.0,0.012345679012345678,0.0,0.0,0.0,0.0,0.0,0.0,0.0,0.017543859649122806,0.0,0.016129032258064516,0.0,0.0,0.013157894736842105,0.0,0.0,0.013513513513513514,0.0,0.0,0.0196078431372549,0.014084507042253521,0.0,0.0,0.0,0.0,0.0,0.0,0.0,0.0,0.01818181818181818,0.0,0.01639344262295082,0.0,0.0,0.0,0.021505376344086023,0.0,0.0,0.017543859649122806
60987103,0.021739130434782608,0.0,0.015625,0.057692307692307696,0.0,0.0,0.018518518518518517,0.02631578947368421,0.014925373134328358,0.02127659574468085,0.020833333333333332,0.02702702702702703,0.014285714285714285,0.0,0.0,0.0,0.023809523809523808,0.0,0.01694915254237288,0.0,0.021739130434782608,0.0425531914893617,0.023255813953488372,0.014925373134328358,0.01818181818181818,0.02,0.019230769230769232,0.023255813953488372,0.0,0.018867924528301886,0.021739130434782608,0.022222222222222223,0.0,0.02564102564102564,0.0875,0.016129032258064516,0.034482758620689655,0.0425531914893617,0.03076923076923077,0.0,0.0,0.0,0.03773584905660377,0.014492753623188406,0.0392156862745098,0.03389830508474576,0.028985507246376812,0.018518518518518517,0.0,0.07894736842105263,0.0,0.0,0.02040816326530612,0.0,0.0,0.0,0.043478260869565216,0.0,1.0,0.0,0.0196078431372549,0.0,0.020833333333333332,0.02127659574468085,0.0,0.02857142857142857,0.12121212121212122,0.0,0.0,0.015873015873015872,0.0,0.0,0.03636363636363636,0.0,0.022222222222222223,0.016129032258064516,0.0,0.06382978723404255,0.03333333333333333,0.0,0.045454545454545456,0.0,0.0,0.0,0.0,0.023255813953488372,0.02040816326530612,0.023809523809523808,0.03571428571428571,0.034482758620689655,0.043478260869565216,0.01818181818181818,0.0,0.09090909090909091,0.0,0.019230769230769232,0.04878048780487805,0.0,0.06382978723404255,0.021739130434782608,0.024390243902439025,0.022222222222222223,0.0,0.037037037037037035,0.0,0.01639344262295082,0.0,0.044444444444444446,0.0,0.022222222222222223,0.0,0.02857142857142857,0.075,0.0
044023722X,0.0,0.0,0.0,0.0,0.014925373134328358,0.021739130434782608,0.01639344262295082,0.0,0.0,0.03773584905660377,0.01818181818181818,0.0,0.0,0.017241379310344827,0.0,0.017857142857142856,0.041666666666666664,0.018867924528301886,0.015151515151515152,0.0,0.018867924528301886,0.01818181818181818,0.0,0.0273972602739726,0.0,0.0,0.0,0.0,0.0,0.0,0.0,0.0,0.018867924528301886,0.0,0.03296703296703297,0.0,0.015151515151515152,0.0,0.0136986301369863,0.03225806451612903,0.0,0.02666666666666667,0.0,0.02666666666666667,0.0,0.014925373134328358,0.012987012987012988,0.01639344262295082,0.017543859649122806,0.02127659574468085,0.0,0.0,0.0,0.0,0.023809523809523808,0.04,0.018518518518518517,0.029411764705882353,0.0,1.0,0.017241379310344827,0.022222222222222223,0.037037037037037035,0.018518518518518517,0.017241379310344827,0.0,0.0,0.03571428571428571,0.02564102564102564,0.0,0.03773584905660377,0.0,0.0,0.0,0.0,0.0,0.01818181818181818,0.0,0.014705882352941176,0.0,0.019230769230769232,0.0,0.017241379310344827,0.022222222222222223,0.01639344262295082,0.0,0.017857142857142856,0.0,0.015625,0.015151515151515152,0.0,0.0,0.0,0.0,0.02564102564102564,0.0,0.0,0.0,0.0,0.0,0.0,0.019230769230769232,0.018518518518518517,0.016129032258064516,0.023255813953488372,0.0,0.041666666666666664,0.0,0.0,0.019230769230769232,0.012195121951219513,0.023809523809523808,0.0,0.022222222222222223
142001740,0.0,0.0,0.0,0.016129032258064516,0.0,0.02127659574468085,0.016129032258064516,0.0,0.013333333333333334,0.01818181818181818,0.017857142857142856,0.0,0.0,0.05263157894736842,0.0,0.03571428571428571,0.04081632653061224,0.018518518518518517,0.046153846153846156,0.014705882352941176,0.0,0.03636363636363636,0.0,0.05555555555555555,0.0,0.017241379310344827,0.016666666666666666,0.0196078431372549,0.0,0.03333333333333333,0.0,0.018867924528301886,0.03773584905660377,0.02127659574468085,0.03260869565217391,0.04411764705882353,0.030303030303030304,0.03636363636363636,0.013513513513513514,0.04838709677419355,0.0,0.0,0.03278688524590164,0.012987012987012988,0.016666666666666666,0.029850746268656716,0.0,0.03278688524590164,0.017241379310344827,0.020833333333333332,0.025974025974025976,0.0,0.017543859649122806,0.0,0.0,0.019230769230769232,0.037037037037037035,0.04411764705882353,0.0196078431372549,0.017241379310344827,1.0,0.0,0.05555555555555555,0.0,0.0,0.0,0.0,0.05357142857142857,0.025,0.0,0.01818181818181818,0.0,0.0,0.0,0.038461538461538464,0.014285714285714285,0.03636363636363636,0.017543859649122806,0.014492753623188406,0.0,0.018867924528301886,0.0,0.034482758620689655,0.0,0.0,0.0,0.05454545454545454,0.0,0.03125,0.030303030303030304,0.01818181818181818,0.04918032786885246,0.03225806451612903,0.0,0.025,0.03389830508474576,0.02,0.0196078431372549,0.03571428571428571,0.018518518518518517,0.02040816326530612,0.018867924528301886,0.01818181818181818,0.015873015873015872,0.022727272727272728,0.014492753623188406,0.0625,0.018518518518518517,0.02040816326530612,0.0,0.024390243902439025,0.023255813953488372,0.0,0.0
316666343,0.0,0.0,0.0,0.0,0.01818181818181818,0.029411764705882353,0.0,0.0,0.0,0.075,0.0,0.0,0.015384615384615385,0.0,0.025,0.0,0.0,0.0,0.0,0.0,0.024390243902439025,0.0,0.0,0.0,0.0,0.022222222222222223,0.0,0.0,0.02702702702702703,0.0,0.0,0.025,0.0,0.0,0.0,0.017543859649122806,0.0,0.0,0.0,0.0196078431372549,0.0,0.0,0.02040816326530612,0.031746031746031744,0.043478260869565216,0.01818181818181818,0.0,0.0,0.022222222222222223,0.0,0.03125,0.0196078431372549,0.0,0.0,0.0,0.0,0.0,0.0,0.0,0.022222222222222223,0.0,1.0,0.023255813953488372,0.0,0.0,0.0,0.0,0.022222222222222223,0.037037037037037035,0.0,0.0,0.0,0.0,0.0,0.0,0.0,0.023255813953488372,0.0,0.017857142857142856,0.0,0.0,0.0,0.0,0.0625,0.0,0.0,0.0,0.0,0.019230769230769232,0.0,0.0,0.0,0.02,0.0,0.037037037037037035,0.0,0.0,0.0,0.0,0.0,0.0,0.0,0.0,0.0,0.03225806451612903,0.0,0.02702702702702703,0.0,0.0,0.025,0.014285714285714285,0.0,0.0,0.0
375726403,0.0,0.0,0.0,0.0,0.0,0.022727272727272728,0.034482758620689655,0.0,0.013888888888888888,0.019230769230769232,0.0,0.0,0.0,0.03636363636363636,0.0,0.018518518518518517,0.043478260869565216,0.0196078431372549,0.015625,0.0,0.0196078431372549,0.08,0.0,0.028169014084507043,0.0,0.01818181818181818,0.017543859649122806,0.0,0.0,0.017241379310344827,0.0,0.0,0.0196078431372549,0.022727272727272728,0.022222222222222223,0.046153846153846156,0.015625,0.018867924528301886,0.0,0.03333333333333333,0.0,0.0,0.0,0.056338028169014086,0.017543859649122806,0.08196721311475409,0.013333333333333334,0.034482758620689655,0.01818181818181818,0.0,0.0,0.0,0.018518518518518517,0.0,0.0,0.02040816326530612,0.019230769230769232,0.0,0.020833333333333332,0.037037037037037035,0.05555555555555555,0.023255813953488372,1.0,0.0,0.0,0.0,0.0,0.037037037037037035,0.02702702702702703,0.0,0.019230769230769232,0.0,0.0,0.0,0.02,0.030303030303030304,0.038461538461538464,0.0,0.015151515151515152,0.0,0.02,0.0,0.017857142857142856,0.0,0.0,0.0,0.018518518518518517,0.0,0.016129032258064516,0.015625,0.019230769230769232,0.016666666666666666,0.0,0.0,0.02702702702702703,0.017543859649122806,0.0,0.020833333333333332,0.03773584905660377,0.0196078431372549,0.0,0.02,0.019230769230769232,0.016666666666666666,0.024390243902439025,0.015151515151515152,0.043478260869565216,0.0196078431372549,0.0,0.0,0.0125,0.0,0.0,0.0
671021001,0.02,0.0,0.0,0.07272727272727272,0.0,0.0,0.017241379310344827,0.0,0.0,0.0196078431372549,0.019230769230769232,0.024390243902439025,0.0,0.0,0.0,0.0,0.09302325581395349,0.02,0.0,0.0,0.02,0.0392156862745098,0.043478260869565216,0.014084507042253521,0.0,0.018518518518518517,0.0,0.0,0.0,0.0,0.04081632653061224,0.02040816326530612,0.02,0.0,0.03409090909090909,0.0,0.0,0.0392156862745098,0.014285714285714285,0.0,0.0,0.0,0.017241379310344827,0.0,0.017857142857142856,0.0,0.013513513513513514,0.0,0.0,0.07142857142857142,0.0,0.03389830508474576,0.018867924528301886,0.015873015873015872,0.0,0.020833333333333332,0.0196078431372549,0.0,0.02127659574468085,0.018518518518518517,0.0,0.0,0.0,1.0,0.01818181818181818,0.02564102564102564,0.025,0.0,0.0,0.0,0.0,0.0,0.016666666666666666,0.0,0.0,0.0,0.0,0.038461538461538464,0.0,0.0,0.02040816326530612,0.0,0.0,0.0,0.017241379310344827,0.02127659574468085,0.018867924528301886,0.044444444444444446,0.01639344262295082,0.0,0.04,0.01694915254237288,0.0,0.02564102564102564,0.0,0.017857142857142856,0.044444444444444446,0.0,0.018867924528301886,0.0,0.022222222222222223,0.041666666666666664,0.0,0.05263157894736842,0.0,0.0,0.0,0.0,0.0,0.02040816326530612,0.0,0.0,0.044444444444444446,0.0
805063897,0.0,0.0,0.013888888888888888,0.0,0.0,0.0,0.0,0.0,0.0,0.01818181818181818,0.0,0.0,0.01282051282051282,0.0,0.0,0.0,0.0,0.0,0.014925373134328358,0.0,0.03773584905660377,0.0,0.0,0.0,0.0,0.0,0.0,0.0,0.02,0.0,0.0,0.0,0.0,0.0,0.0,0.0,0.0,0.0,0.013513513513513514,0.015625,0.0,0.0,0.0,0.012987012987012988,0.0,0.014705882352941176,0.01282051282051282,0.0,0.0,0.020833333333333332,0.0,0.0,0.03571428571428571,0.0,0.0,0.0,0.01818181818181818,0.014285714285714285,0.0,0.017241379310344827,0.0,0.0,0.0,0.01818181818181818,1.0,0.0,0.022727272727272728,0.0,0.0,0.0,0.0,0.0,0.0,0.0,0.018867924528301886,0.0,0.0,0.0,0.0,0.0,0.0,0.017543859649122806,0.0,0.021739130434782608,0.0,0.0,0.03571428571428571,0.0,0.0,0.0,0.01818181818181818,0.0,0.0,0.0,0.0,0.0,0.0,0.0,0.0,0.0,0.02040816326530612,0.0,0.0,0.0,0.0,0.0,0.0,0.0,0.02040816326530612,0.0,0.012048192771084338,0.0,0.0,0.021739130434782608
842329129,0.05405405405405406,0.02857142857142857,0.0,0.021739130434782608,0.0,0.0,0.0,0.0,0.0,0.02564102564102564,0.0,0.07142857142857142,0.0,0.0,0.0,0.0,0.0,0.05405405405405406,0.0,0.019230769230769232,0.02631578947368421,0.025,0.02857142857142857,0.0,0.02127659574468085,0.023809523809523808,0.0,0.0,0.0,0.0,0.02631578947368421,0.02702702702702703,0.0,0.0,0.01282051282051282,0.03773584905660377,0.0,0.0,0.017241379310344827,0.020833333333333332,0.0,0.0,0.021739130434782608,0.0,0.0,0.0,0.016129032258064516,0.0,0.023809523809523808,0.03125,0.0,0.0,0.0,0.0,0.0,0.027777777777777776,0.02564102564102564,0.0,0.02857142857142857,0.0,0.0,0.0,0.0,0.02564102564102564,0.0,1.0,0.03571428571428571,0.0,0.0,0.01818181818181818,0.0,0.0,0.020833333333333332,0.0,0.0,0.0,0.025,0.024390243902439025,0.0,0.0,0.02702702702702703,0.0,0.047619047619047616,0.0,0.0,0.02857142857142857,0.0,0.0,0.02040816326530612,0.0,0.02564102564102564,0.0,0.0,0.0,0.0,0.0,0.029411764705882353,0.0,0.05,0.0,0.030303030303030304,0.0,0.0,0.02127659574468085,0.0,0.0,0.0,0.02631578947368421,0.0,0.0,0.0,0.0,0.029411764705882353,0.0
60915544,0.02564102564102564,0.0,0.0,0.06666666666666667,0.0,0.0,0.0,0.03225806451612903,0.0,0.025,0.0,0.03333333333333333,0.0,0.0,0.0,0.0,0.0,0.0,0.0,0.0,0.08108108108108109,0.024390243902439025,0.027777777777777776,0.016666666666666666,0.0,0.023255813953488372,0.0,0.0,0.0,0.021739130434782608,0.02564102564102564,0.0,0.0,0.0,0.05263157894736842,0.0,0.0,0.024390243902439025,0.01694915254237288,0.0,0.0,0.0,0.043478260869565216,0.016129032258064516,0.0,0.0,0.015873015873015872,0.0,0.0,0.0967741935483871,0.0,0.0,0.0,0.0,0.0,0.0,0.05128205128205128,0.0,0.12121212121212122,0.0,0.0,0.0,0.0,0.025,0.022727272727272728,0.03571428571428571,1.0,0.0,0.0,0.0,0.0,0.0,0.02040816326530612,0.0,0.0,0.0,0.0,0.075,0.0,0.0,0.02631578947368421,0.0,0.0,0.0,0.0,0.027777777777777776,0.0,0.0,0.02,0.0,0.05128205128205128,0.0,0.0,0.07407407407407407,0.0,0.0,0.02857142857142857,0.0,0.023809523809523808,0.0,0.029411764705882353,0.0,0.0,0.020833333333333332,0.0,0.0,0.0,0.0,0.0,0.0,0.0,0.0,0.058823529411764705,0.0
312195516,0.018867924528301886,0.0,0.0,0.0,0.0,0.021739130434782608,0.0,0.0,0.0,0.03773584905660377,0.0,0.0,0.0,0.03508771929824561,0.0,0.03636363636363636,0.02040816326530612,0.038461538461538464,0.0,0.0,0.018867924528301886,0.01818181818181818,0.0,0.013513513513513514,0.0,0.0,0.0,0.0,0.0,0.0,0.0,0.0,0.018867924528301886,0.0,0.010752688172043012,0.014492753623188406,0.0,0.01818181818181818,0.0,0.015873015873015872,0.0,0.013157894736842105,0.0,0.02666666666666667,0.0,0.030303030303030304,0.0,0.0,0.017543859649122806,0.02127659574468085,0.0,0.0,0.0,0.015151515151515152,0.0,0.0196078431372549,0.0,0.014492753623188406,0.0,0.03571428571428571,0.05357142857142857,0.022222222222222223,0.037037037037037035,0.0,0.0,0.0,0.0,1.0,0.02564102564102564,0.0,0.018518518518518517,0.0,0.0,0.0,0.019230769230769232,0.014492753623188406,0.01818181818181818,0.0,0.0,0.0,0.019230769230769232,0.0,0.017241379310344827,0.0,0.0,0.0,0.017857142857142856,0.0,0.015625,0.0,0.0,0.0,0.0,0.0,0.02564102564102564,0.01694915254237288,0.0,0.0,0.0,0.018867924528301886,0.0,0.0,0.018518518518518517,0.016129032258064516,0.023255813953488372,0.0,0.08695652173913043,0.0,0.0,0.0,0.012195121951219513,0.0,0.0,0.0
312278586,0.02857142857142857,0.03125,0.0,0.0,0.0,0.03571428571428571,0.023255813953488372,0.0,0.0,0.0,0.0,0.0,0.0,0.0,0.0,0.0,0.0,0.0,0.0,0.02040816326530612,0.02857142857142857,0.0,0.0,0.0,0.0,0.0,0.024390243902439025,0.03125,0.0,0.0,0.0,0.0,0.0,0.0,0.0,0.0,0.0,0.0,0.0,0.022222222222222223,0.0,0.0,0.0,0.017241379310344827,0.0,0.02040816326530612,0.0,0.0,0.02564102564102564,0.0,0.0,0.0,0.0,0.0,0.0,0.0,0.0,0.0196078431372549,0.0,0.02564102564102564,0.025,0.037037037037037035,0.02702702702702703,0.0,0.0,0.0,0.0,0.02564102564102564,1.0,0.0,0.0,0.0,0.0,0.0,0.0,0.0,0.02702702702702703,0.0,0.0,0.0,0.0,0.0,0.0,0.037037037037037035,0.0,0.0,0.0,0.0,0.0,0.0,0.0,0.022727272727272728,0.0,0.0,1.0,0.0,0.0,0.0,0.0,0.0,0.0,0.0,0.0,0.0,0.08333333333333333,0.0,0.03225806451612903,0.0,0.03333333333333333,0.0,0.015625,0.0,0.0,0.0
156027321,0.015151515151515152,0.0,0.011904761904761904,0.0,0.0,0.0,0.0,0.0,0.0,0.0,0.0,0.0,0.011111111111111112,0.014084507042253521,0.0,0.0,0.016129032258064516,0.0,0.0,0.0,0.0,0.0,0.015873015873015872,0.0,0.0,0.0,0.013888888888888888,0.0,0.0,0.0,0.0,0.0,0.0,0.0,0.0,0.0,0.012658227848101266,0.0,0.011627906976744186,0.0,0.0,0.0,0.0,0.0,0.0,0.0,0.011111111111111112,0.013513513513513514,0.014285714285714285,0.0,0.02247191011235955,0.0,0.0,0.0,0.0,0.031746031746031744,0.0,0.012195121951219513,0.015873015873015872,0.0,0.0,0.0,0.0,0.0,0.0,0.01818181818181818,0.0,0.0,0.0,1.0,0.014925373134328358,0.012195121951219513,0.0,0.0,0.0,0.0,0.0,0.0,0.0,0.0,0.0,0.0,0.0,0.017241379310344827,0.0,0.0,0.0,0.016129032258064516,0.012987012987012988,0.012658227848101266,0.0,0.0,0.0,0.0,0.0,0.0,0.0,0.0,0.0,0.0,0.0,0.0,0.0,0.0,0.0,0.0,0.016129032258064516,0.0,0.0,0.0,0.0,0.0,0.016129032258064516,0.0
345313860,0.0,0.0,0.014705882352941176,0.0,0.015625,0.0,0.017241379310344827,0.0,0.0,0.0196078431372549,0.0392156862745098,0.0,0.0,0.01818181818181818,0.0,0.0,0.021739130434782608,0.0625,0.015873015873015872,0.0,0.0,0.0392156862745098,0.0,0.014084507042253521,0.01694915254237288,0.018518518518518517,0.0,0.0,0.021739130434782608,0.0,0.0,0.041666666666666664,0.02,0.0,0.011111111111111112,0.0,0.0,0.0,0.0,0.03389830508474576,0.0,0.0,0.0,0.0136986301369863,0.0,0.0,0.0,0.0,0.0,0.022727272727272728,0.0,0.0,0.0,0.0,0.08108108108108109,0.0425531914893617,0.0,0.0,0.0,0.03773584905660377,0.01818181818181818,0.0,0.019230769230769232,0.0,0.0,0.0,0.0,0.018518518518518517,0.0,0.014925373134328358,1.0,0.0,0.0,0.0,0.02040816326530612,0.0,0.0,0.0,0.0,0.0,0.02040816326530612,0.0,0.01818181818181818,0.0,0.03508771929824561,0.0,0.018867924528301886,0.0,0.0,0.0,0.0,0.0,0.0,0.0,0.0,0.0,0.0,0.0,0.0,0.0,0.022222222222222223,0.0,0.0196078431372549,0.01694915254237288,0.0,0.0,0.021739130434782608,0.0,0.022222222222222223,0.0,0.0,0.0,0.021739130434782608,0.0
61009059,0.015384615384615385,0.016129032258064516,0.0,0.0,0.0,0.0,0.04225352112676056,0.0,0.023529411764705882,0.0,0.014925373134328358,0.0,0.022727272727272728,0.014285714285714285,0.0,0.0,0.0,0.0,0.039473684210526314,0.0,0.0,0.014925373134328358,0.03278688524590164,0.011627906976744186,0.0,0.014492753623188406,0.0,0.0,0.0,0.013888888888888888,0.0,0.0,0.0,0.017241379310344827,0.0,0.0,0.01282051282051282,0.014925373134328358,0.011764705882352941,0.0,0.0,0.022988505747126436,0.0136986301369863,0.0,0.014084507042253521,0.02564102564102564,0.0,0.027777777777777776,0.0,0.0,0.022727272727272728,0.013333333333333334,0.0,0.0,0.0,0.03225806451612903,0.0,0.0,0.0,0.0,0.0,0.0,0.0,0.0,0.0,0.0,0.0,0.0,0.0,0.012195121951219513,0.0,1.0,0.0,0.0,0.015625,0.0,0.0,0.0,0.0125,0.0,0.0,0.014705882352941176,0.0,0.0,0.0,0.0,0.0,0.01639344262295082,0.0,0.01282051282051282,0.0,0.0,0.013513513513513514,0.0,0.0,0.014084507042253521,0.0,0.016129032258064516,0.0,0.015384615384615385,0.0,0.031746031746031744,0.0,0.013513513513513514,0.0,0.0125,0.0,0.0,0.0,0.015625,0.010638297872340425,0.0,0.03333333333333333,0.0
446364193,0.01694915254237288,0.0,0.0,0.014925373134328358,0.0,0.0,0.0,0.0,0.0,0.016666666666666666,0.0,0.02,0.0,0.0,0.0,0.0,0.0,0.0,0.0,0.0,0.01694915254237288,0.01639344262295082,0.017857142857142856,0.0,0.014705882352941176,0.04918032786885246,0.0,0.0,0.0,0.03076923076923077,0.01694915254237288,0.0,0.0,0.0,0.030927835051546393,0.013333333333333334,0.0,0.0,0.012658227848101266,0.0,0.0,0.0,0.014925373134328358,0.0,0.0,0.0136986301369863,0.012048192771084338,0.0,0.0,0.018867924528301886,0.012048192771084338,0.0,0.0,0.04285714285714286,0.0,0.0,0.016666666666666666,0.0,0.03636363636363636,0.0,0.0,0.0,0.0,0.016666666666666666,0.0,0.020833333333333332,0.02040816326530612,0.0,0.0,0.0,0.0,0.0,1.0,0.0,0.0,0.0,0.01639344262295082,0.016129032258064516,0.0273972602739726,0.0,0.05357142857142857,0.0,0.0,0.0,0.0,0.017857142857142856,0.016129032258064516,0.0,0.014285714285714285,0.0,0.016666666666666666,0.014705882352941176,0.014705882352941176,0.020833333333333332,0.0,0.0,0.01818181818181818,0.0,0.016129032258064516,0.01694915254237288,0.018518518518518517,0.0,0.0,0.029850746268656716,0.0,0.013513513513513514,0.0,0.0,0.0,0.017241379310344827,0.0,0.0,0.037037037037037035,0.0
140293248,0.0,0.022222222222222223,0.0,0.0,0.0,0.024390243902439025,0.0,0.0,0.0,0.0,0.0,0.0,0.0,0.018867924528301886,0.0,0.0,0.0,0.0,0.01639344262295082,0.016129032258064516,0.0,0.0,0.022222222222222223,0.029411764705882353,0.0,0.0,0.0,0.0,0.0,0.0,0.0,0.0,0.0,0.024390243902439025,0.0,0.015625,0.0,0.0,0.0,0.0,0.0,0.014084507042253521,0.0,0.014084507042253521,0.018518518518518517,0.0,0.013888888888888888,0.017857142857142856,0.0,0.0,0.0,0.0,0.0,0.0,0.0,0.0,0.0,0.0,0.0,0.0,0.0,0.0,0.0,0.0,0.0,0.0,0.0,0.0,0.0,0.0,0.0,0.0,0.0,1.0,0.0,0.0,0.02,0.0,0.0,0.0,0.0,0.0,0.0,0.0,0.0,0.022222222222222223,0.0,0.022727272727272728,0.0,0.0,0.0,0.0,0.0,0.0,0.0,0.0,0.0,0.0,0.0,0.0,0.0,0.0,0.02040816326530612,0.0,0.0,0.0,0.0,0.0,0.0,0.0,0.0,0.0,0.0,0.0
316776963,0.0,0.022222222222222223,0.03076923076923077,0.0,0.0,0.0,0.017857142857142856,0.0,0.029411764705882353,0.02040816326530612,0.0,0.02564102564102564,0.013888888888888888,0.018867924528301886,0.0,0.0,0.022727272727272728,0.08888888888888889,0.03333333333333333,0.0,0.0,0.0625,0.0,0.014492753623188406,0.0,0.019230769230769232,0.018518518518518517,0.0,0.0,0.0,0.020833333333333332,0.0,0.0,0.05,0.011363636363636364,0.0,0.01639344262295082,0.0625,0.014705882352941176,0.0,0.0,0.014084507042253521,0.017857142857142856,0.0,0.03773584905660377,0.05,0.0,0.0,0.0,0.0,0.013888888888888888,0.0,0.0196078431372549,0.01639344262295082,0.0,0.021739130434782608,0.041666666666666664,0.0,0.022222222222222223,0.0,0.038461538461538464,0.0,0.02,0.0,0.018867924528301886,0.0,0.0,0.019230769230769232,0.0,0.0,0.02040816326530612,0.015625,0.0,0.0,1.0,0.0,0.02,0.0,0.015873015873015872,0.0,0.0,0.0,0.018867924528301886,0.025,0.0,0.0,0.0196078431372549,0.0,0.034482758620689655,0.01639344262295082,0.0,0.017543859649122806,0.017543859649122806,0.0,0.0,0.03773584905660377,0.0,0.0,0.0196078431372549,0.020833333333333332,0.0,0.02127659574468085,0.0,0.017543859649122806,0.0,0.015873015873015872,0.022727272727272728,0.020833333333333332,0.0,0.0,0.0,0.0,0.0,0.025
440211727,0.015384615384615385,0.0,0.0,0.0136986301369863,0.0,0.017241379310344827,0.027777777777777776,0.0,0.011627906976744186,0.0,0.0,0.0,0.022727272727272728,0.028985507246376812,0.0,0.014705882352941176,0.0,0.0,0.0,0.0,0.015384615384615385,0.046153846153846156,0.0,0.011627906976744186,0.056338028169014086,0.0,0.0,0.016129032258064516,0.03333333333333333,0.013888888888888888,0.015384615384615385,0.0,0.0,0.0,0.009523809523809525,0.025,0.0,0.030303030303030304,0.0,0.0,0.0,0.03488372093023256,0.0,0.022988505747126436,0.014084507042253521,0.02564102564102564,0.011235955056179775,0.0,0.014492753623188406,0.01694915254237288,0.022727272727272728,0.0,0.0,0.01282051282051282,0.0,0.0,0.0,0.012345679012345678,0.016129032258064516,0.0,0.014285714285714285,0.0,0.030303030303030304,0.0,0.0,0.0,0.0,0.014492753623188406,0.0,0.0,0.0,0.0,0.0,0.0,0.0,1.0,0.0,0.0,0.0125,0.0,0.0,0.0,0.0,0.0,0.0,0.0,0.014705882352941176,0.0,0.0,0.0,0.0,0.0,0.0,0.018518518518518517,0.0,0.0,0.0,0.0,0.014705882352941176,0.015384615384615385,0.016666666666666666,0.015625,0.0,0.013513513513513514,0.0,0.0,0.03333333333333333,0.0,0.0,0.0,0.010638297872340425,0.0,0.0,0.017543859649122806
743237188,0.0,0.0425531914893617,0.0,0.0,0.0,0.022727272727272728,0.0,0.0,0.0,0.0,0.0,0.0,0.0,0.0,0.0,0.018518518518518517,0.0,0.061224489795918366,0.015625,0.03125,0.0196078431372549,0.018867924528301886,0.0,0.028169014084507043,0.016666666666666666,0.01818181818181818,0.017543859649122806,0.0,0.02127659574468085,0.03508771929824561,0.0,0.04081632653061224,0.0196078431372549,0.022727272727272728,0.01098901098901099,0.030303030303030304,0.0,0.0,0.014084507042253521,0.03333333333333333,0.0,0.0,0.0,0.0273972602739726,0.0,0.015384615384615385,0.02702702702702703,0.034482758620689655,0.01818181818181818,0.0,0.0,0.0,0.0,0.0,0.0,0.02040816326530612,0.019230769230769232,0.0,0.0,0.01818181818181818,0.03636363636363636,0.023255813953488372,0.038461538461538464,0.0,0.0,0.025,0.0,0.01818181818181818,0.02702702702702703,0.0,0.0,0.0,0.01639344262295082,0.02,0.02,0.0,1.0,0.0,0.0,0.014084507042253521,0.0,0.0,0.017857142857142856,0.0,0.0,0.020833333333333332,0.0,0.0,0.0,0.0,0.019230769230769232,0.0,0.0,0.0,0.02702702702702703,0.0,0.0,0.020833333333333332,0.03773584905660377,0.0,0.0,0.0,0.019230769230769232,0.016666666666666666,0.024390243902439025,0.0,0.043478260869565216,0.0,0.0,0.0,0.0125,0.0,0.0,0.0
380789035,0.019230769230769232,0.0,0.0,0.07017543859649122,0.015151515151515152,0.0,0.0,0.022727272727272728,0.0,0.018867924528301886,0.0,0.023255813953488372,0.0,0.0,0.0,0.0,0.0,0.019230769230769232,0.0,0.015151515151515152,0.019230769230769232,0.03773584905660377,0.02040816326530612,0.027777777777777776,0.0,0.017857142857142856,0.017241379310344827,0.0,0.0,0.01694915254237288,0.0392156862745098,0.0196078431372549,0.019230769230769232,0.022222222222222223,0.056818181818181816,0.0,0.015384615384615385,0.0784313725490196,0.028169014084507043,0.0,0.0,0.0,0.03389830508474576,0.013333333333333334,0.017241379310344827,0.0,0.013157894736842105,0.0,0.0,0.11904761904761904,0.013157894736842105,0.0,0.01818181818181818,0.0,0.0,0.0,0.018867924528301886,0.0,0.06382978723404255,0.0,0.017543859649122806,0.0,0.0,0.038461538461538464,0.0,0.024390243902439025,0.075,0.0,0.0,0.0,0.0,0.0,0.016129032258064516,0.0,0.0,0.0,0.0,1.0,0.0,0.013888888888888888,0.0196078431372549,0.01818181818181818,0.017543859649122806,0.0,0.0,0.02040816326530612,0.0,0.020833333333333332,0.015873015873015872,0.015384615384615385,0.058823529411764705,0.0,0.0,0.10526315789473684,0.0,0.0,0.020833333333333332,0.0,0.01818181818181818,0.0,0.06666666666666667,0.0196078431372549,0.0,0.01639344262295082,0.0,0.014925373134328358,0.0,0.0,0.02127659574468085,0.0,0.0,0.0,0.0425531914893617,0.0
440206154,0.031746031746031744,0.0,0.0,0.0,0.01282051282051282,0.0,0.028169014084507043,0.0,0.011764705882352941,0.0,0.0,0.0,0.0,0.0,0.015873015873015872,0.014925373134328358,0.016666666666666666,0.0,0.012987012987012988,0.01282051282051282,0.0,0.015151515151515152,0.0,0.0,0.0,0.029850746268656716,0.0,0.01639344262295082,0.016666666666666666,0.0,0.0,0.0,0.0,0.017543859649122806,0.029411764705882353,0.0125,0.012987012987012988,0.015151515151515152,0.0,0.013513513513513514,0.0,0.011494252873563218,0.0,0.0,0.014285714285714285,0.01282051282051282,0.0,0.0,0.0,0.0,0.011363636363636364,0.0,0.014925373134328358,0.0,0.018867924528301886,0.0,0.015384615384615385,0.0,0.03333333333333333,0.014705882352941176,0.014492753623188406,0.017857142857142856,0.015151515151515152,0.0,0.0,0.0,0.0,0.0,0.0,0.0,0.0,0.0125,0.0273972602739726,0.0,0.015873015873015872,0.0125,0.0,0.0,1.0,0.0,0.015873015873015872,0.0,0.014492753623188406,0.0,0.0,0.0,0.0,0.0,0.02702702702702703,0.012987012987012988,0.0,0.0136986301369863,0.0136986301369863,0.0,0.0,0.014285714285714285,0.0,0.0,0.014925373134328358,0.031746031746031744,0.0,0.015873015873015872,0.0,0.0136986301369863,0.0,0.08108108108108109,0.0,0.015625,0.0,0.015873015873015872,0.0,0.0,0.03389830508474576,0.0
345370775,0.014492753623188406,0.0,0.011494252873563218,0.0,0.0,0.0,0.0,0.0,0.0,0.0,0.0,0.016666666666666666,0.0,0.0,0.0,0.013888888888888888,0.0,0.014492753623188406,0.0,0.0,0.0,0.014084507042253521,0.015151515151515152,0.0,0.0,0.0,0.0,0.0,0.0,0.013157894736842105,0.0,0.0,0.0,0.0,0.0,0.0,0.0,0.014084507042253521,0.022727272727272728,0.0,0.0,0.010869565217391304,0.0,0.010869565217391304,0.0,0.0,0.0,0.0,0.0,0.0,0.0,0.0,0.0,0.0,0.0,0.0,0.014285714285714285,0.0,0.0,0.0,0.0,0.0,0.0,0.0,0.0,0.0,0.0,0.0,0.0,0.0,0.0,0.0,0.0,0.0,0.0,0.0,0.014084507042253521,0.013888888888888888,0.0,1.0,0.0,0.0,0.0,0.0,0.0,0.0,0.013888888888888888,0.0,0.0,0.0,0.0,0.0,0.0,0.0,0.0,0.0,0.0,0.0,0.0,0.014492753623188406,0.0,0.0,0.0,0.0,0.0,0.011904761904761904,0.0,0.0,0.031746031746031744,0.0,0.01020408163265306,0.017241379310344827,0.0,0.0
1400034779,0.020833333333333332,0.0,0.0,0.03636363636363636,0.0,0.0,0.0,0.0,0.0,0.041666666666666664,0.0,0.02564102564102564,0.0,0.018867924528301886,0.0,0.0,0.046511627906976744,0.0425531914893617,0.0,0.0,0.020833333333333332,0.04081632653061224,0.022222222222222223,0.014492753623188406,0.0,0.019230769230769232,0.0,0.0,0.0,0.0,0.0425531914893617,0.02127659574468085,0.020833333333333332,0.0,0.03488372093023256,0.015625,0.01639344262295082,0.0,0.014705882352941176,0.03508771929824561,0.0,0.0,0.017857142857142856,0.043478260869565216,0.0,0.0,0.013888888888888888,0.017857142857142856,0.0,0.04878048780487805,0.0,0.0,0.0,0.01639344262295082,0.0,0.021739130434782608,0.02040816326530612,0.0,0.045454545454545456,0.019230769230769232,0.018867924528301886,0.0,0.02,0.02040816326530612,0.0,0.02702702702702703,0.02631578947368421,0.019230769230769232,0.0,0.0,0.02040816326530612,0.0,0.05357142857142857,0.0,0.0,0.0,0.0,0.0196078431372549,0.015873015873015872,0.0,1.0,0.0,0.038461538461538464,0.0,0.0,0.022222222222222223,0.0196078431372549,0.0,0.01694915254237288,0.01639344262295082,0.02040816326530612,0.017543859649122806,0.0,0.0,0.0,0.0,0.022727272727272728,0.0,0.04,0.0,0.023255813953488372,0.0,0.02040816326530612,0.05454545454545454,0.02631578947368421,0.015873015873015872,0.022727272727272728,0.020833333333333332,0.0,0.02127659574468085,0.0,0.0,0.046511627906976744,0.0
767902521,0.0,0.0,0.0,0.0,0.03076923076923077,0.0,0.0,0.0,0.0136986301369863,0.0,0.0,0.0,0.0,0.0,0.0,0.01818181818181818,0.020833333333333332,0.019230769230769232,0.0,0.0,0.0,0.018518518518518517,0.0,0.027777777777777776,0.0,0.0,0.017241379310344827,0.0,0.0,0.0,0.0,0.0,0.019230769230769232,0.0,0.010869565217391304,0.0,0.0,0.0,0.0,0.0,0.0,0.0,0.016666666666666666,0.013333333333333334,0.017241379310344827,0.0,0.0,0.016666666666666666,0.0,0.0,0.0,0.0,0.01818181818181818,0.0,0.0,0.0,0.0,0.0,0.0,0.0,0.0,0.0,0.0,0.0,0.017543859649122806,0.0,0.0,0.0,0.0,0.0,0.0,0.014705882352941176,0.0,0.0,0.0,0.0,0.0,0.01818181818181818,0.0,0.0,0.0,1.0,0.03571428571428571,0.022727272727272728,0.0,0.02040816326530612,0.0,0.0,0.0,0.0,0.0,0.0,0.0,0.0,0.0,0.0,0.0,0.0,0.0,0.0,0.0,0.0,0.018867924528301886,0.01639344262295082,0.0,0.0,0.020833333333333332,0.0,0.0,0.0,0.0,0.0,0.0,0.0
743418174,0.018518518518518517,0.0196078431372549,0.013888888888888888,0.0,0.0,0.02127659574468085,0.0,0.0,0.0410958904109589,0.01818181818181818,0.0,0.022222222222222223,0.0,0.01694915254237288,0.018867924528301886,0.0,0.0625,0.057692307692307696,0.014925373134328358,0.045454545454545456,0.0,0.03636363636363636,0.0196078431372549,0.013333333333333334,0.03225806451612903,0.0,0.0,0.0,0.0,0.0,0.018518518518518517,0.018867924528301886,0.03773584905660377,0.0,0.021505376344086023,0.014285714285714285,0.0,0.0,0.013513513513513514,0.04838709677419355,0.0,0.0,0.016129032258064516,0.04,0.0,0.0,0.01282051282051282,0.03278688524590164,0.0,0.0425531914893617,0.0,0.0,0.0,0.0,0.023255813953488372,0.0392156862745098,0.0,0.0,0.0,0.017241379310344827,0.034482758620689655,0.0,0.017857142857142856,0.0,0.0,0.047619047619047616,0.0,0.017241379310344827,0.0,0.0,0.01818181818181818,0.0,0.0,0.0,0.018867924528301886,0.0,0.017857142857142856,0.017543859649122806,0.014492753623188406,0.0,0.038461538461538464,0.03571428571428571,1.0,0.0,0.0,0.0,0.017543859649122806,0.0,0.015384615384615385,0.0,0.0,0.0,0.015873015873015872,0.0,0.0,0.0,0.0,0.0196078431372549,0.03571428571428571,0.0,0.0,0.0,0.01818181818181818,0.03225806451612903,0.022727272727272728,0.014492753623188406,0.04081632653061224,0.0,0.0,0.0,0.0,0.0,0.0,0.0
375725784,0.0,0.0,0.0,0.0,0.01818181818181818,0.0,0.0,0.0,0.0,0.04878048780487805,0.0,0.0,0.0,0.021739130434782608,0.025,0.0,0.0,0.0,0.018518518518518517,0.01818181818181818,0.0,0.0,0.0,0.0,0.02,0.0,0.02127659574468085,0.0,0.0,0.0,0.0,0.025,0.0,0.029411764705882353,0.0,0.017543859649122806,0.018518518518518517,0.023255813953488372,0.01639344262295082,0.0,0.0,0.0,0.02040816326530612,0.015625,0.043478260869565216,0.01818181818181818,0.047619047619047616,0.02040816326530612,0.022222222222222223,0.02857142857142857,0.015384615384615385,0.0196078431372549,0.0,0.0,0.0,0.0,0.0,0.017543859649122806,0.0,0.022222222222222223,0.0,0.0625,0.0,0.0,0.021739130434782608,0.0,0.0,0.0,0.037037037037037035,0.017241379310344827,0.0,0.0,0.0,0.0,0.025,0.0,0.0,0.0,0.0,0.0,0.0,0.022727272727272728,0.0,1.0,0.02040816326530612,0.0,0.0,0.0,0.0,0.018518518518518517,0.0,0.0,0.02,0.0,0.037037037037037035,0.0,0.0,0.0,0.0,0.0,0.0,0.0,0.023809523809523808,0.0,0.0,0.0,0.02702702702702703,0.0,0.0,0.025,0.0,0.0,0.02702702702702703,0.0
345339703,0.0,0.018518518518518517,0.0,0.0,0.02857142857142857,0.0,0.015384615384615385,0.0,0.0,0.0,0.0,0.0,0.0,0.0,0.0,0.016666666666666666,0.0,0.017543859649122806,0.0,0.0,0.017543859649122806,0.01694915254237288,0.018518518518518517,0.025974025974025976,0.0,0.0,0.0,0.0,0.0,0.0,0.0,0.03636363636363636,0.0,0.0,0.010309278350515464,0.0,0.014285714285714285,0.0,0.012987012987012988,0.014925373134328358,0.0,0.0,0.0,0.0,0.0,0.0,0.0,0.03125,0.0,0.0,0.0,0.0,0.0,0.028985507246376812,0.021739130434782608,0.0,0.0,0.0,0.0,0.01639344262295082,0.0,0.0,0.0,0.017241379310344827,0.0,0.0,0.0,0.0,0.0,0.0,0.03508771929824561,0.0,0.0,0.0,0.0,0.0,0.0,0.0,0.0,0.0,0.0,0.0,0.0,0.02040816326530612,1.0,0.0,0.03389830508474576,0.018867924528301886,0.0,0.014285714285714285,0.017241379310344827,0.03076923076923077,0.015151515151515152,0.0,0.0,0.015873015873015872,0.0,0.03773584905660377,0.0,0.0,0.0,0.0,0.0,0.0,0.0,0.013888888888888888,0.0,0.0,0.0,0.0,0.011627906976744186,0.0,0.0,0.0
440226430,0.021739130434782608,0.0,0.0,0.03773584905660377,0.03389830508474576,0.0,0.0,0.0,0.0,0.02127659574468085,0.0,0.02702702702702703,0.0,0.0,0.0,0.02040816326530612,0.0,0.0,0.0,0.0,0.021739130434782608,0.0425531914893617,0.023255813953488372,0.0,0.0,0.02,0.0,0.0,0.0,0.0,0.021739130434782608,0.0,0.0,0.0,0.023529411764705882,0.0,0.034482758620689655,0.0,0.015151515151515152,0.0,0.0,0.0,0.018518518518518517,0.014492753623188406,0.0,0.0,0.014285714285714285,0.018518518518518517,0.0,0.025,0.0,0.017857142857142856,0.0,0.0,0.0,0.0,0.02127659574468085,0.016129032258064516,0.023255813953488372,0.0,0.0,0.0,0.0,0.02127659574468085,0.0,0.02857142857142857,0.027777777777777776,0.0,0.0,0.0,0.0,0.0,0.017857142857142856,0.022222222222222223,0.0,0.0,0.020833333333333332,0.02040816326530612,0.0,0.0,0.022222222222222223,0.02040816326530612,0.0,0.0,0.0,1.0,0.0,0.0,0.017543859649122806,0.034482758620689655,0.02127659574468085,0.0,0.0,0.0,0.0,0.0,0.023809523809523808,0.0,0.02040816326530612,0.0,0.05,0.0,0.0,0.01818181818181818,0.0,0.0,0.0,0.0,0.0,0.0,0.02702702702702703,0.0,0.023809523809523808,0.0
440224764,0.0392156862745098,0.02040816326530612,0.0,0.0,0.015151515151515152,0.0,0.08928571428571429,0.0,0.0,0.038461538461538464,0.018518518518518517,0.047619047619047616,0.013157894736842105,0.017543859649122806,0.0,0.01818181818181818,0.020833333333333332,0.0392156862745098,0.0,0.0,0.0392156862745098,0.03773584905660377,0.041666666666666664,0.05714285714285714,0.03333333333333333,0.03636363636363636,0.0,0.0,0.0,0.0,0.0,0.0,0.019230769230769232,0.0,0.03333333333333333,0.014705882352941176,0.0,0.0,0.013888888888888888,0.03278688524590164,0.0,0.02702702702702703,0.0,0.02702702702702703,0.0,0.046875,0.0,0.03389830508474576,0.017857142857142856,0.0,0.0,0.0,0.0,0.06451612903225806,0.0,0.02,0.018867924528301886,0.0,0.02040816326530612,0.017857142857142856,0.05454545454545454,0.0,0.018518518518518517,0.018867924528301886,0.03571428571428571,0.0,0.0,0.017857142857142856,0.0,0.0,0.018867924528301886,0.0,0.016129032258064516,0.0,0.0196078431372549,0.014705882352941176,0.0,0.0,0.0,0.013888888888888888,0.0196078431372549,0.0,0.017543859649122806,0.0,0.03389830508474576,0.0,1.0,0.0,0.0,0.0,0.0,0.01639344262295082,0.08771929824561403,0.0,0.0,0.017241379310344827,0.020833333333333332,0.02040816326530612,0.01818181818181818,0.08163265306122448,0.02127659574468085,0.0,0.018867924528301886,0.01639344262295082,0.0,0.014925373134328358,0.020833333333333332,0.019230769230769232,0.02127659574468085,0.0196078431372549,0.025,0.024390243902439025,0.0,0.0
385492081,0.0,0.0,0.0,0.0,0.0,0.0,0.0,0.0,0.0,0.0,0.0,0.0,0.014492753623188406,0.0,0.0,0.0,0.0,0.022222222222222223,0.0,0.0,0.0,0.02127659574468085,0.04878048780487805,0.0,0.0,0.0,0.0,0.0,0.0,0.0,0.022222222222222223,0.022727272727272728,0.022222222222222223,0.0,0.011764705882352941,0.0,0.0,0.06666666666666667,0.0,0.0,0.0,0.0,0.018867924528301886,0.0,0.0196078431372549,0.01694915254237288,0.014492753623188406,0.0,0.0,0.02564102564102564,0.0,0.0,0.020833333333333332,0.017241379310344827,0.0,0.0,0.0,0.0,0.023809523809523808,0.0,0.0,0.0,0.0,0.044444444444444446,0.0,0.0,0.0,0.0,0.0,0.016129032258064516,0.0,0.01639344262295082,0.0,0.022727272727272728,0.0,0.0,0.0,0.020833333333333332,0.0,0.0,0.0,0.0,0.0,0.0,0.018867924528301886,0.0,0.0,1.0,0.0,0.0,0.0,0.0,0.0,0.029411764705882353,0.0,0.0196078431372549,0.05,0.0,0.0,0.0,0.0,0.046511627906976744,0.0,0.0,0.0,0.0,0.0,0.0,0.0,0.0,0.0,0.0,0.024390243902439025,0.0
316569321,0.016666666666666666,0.0,0.0,0.014705882352941176,0.0,0.0,0.014705882352941176,0.0,0.025,0.05084745762711865,0.016129032258064516,0.0196078431372549,0.0,0.0,0.0,0.015873015873015872,0.03636363636363636,0.016666666666666666,0.0136986301369863,0.0,0.016666666666666666,0.03278688524590164,0.017543859649122806,0.025,0.014492753623188406,0.031746031746031744,0.015151515151515152,0.0,0.0,0.0,0.05172413793103448,0.0,0.0,0.018867924528301886,0.030612244897959183,0.013157894736842105,0.027777777777777776,0.016129032258064516,0.0125,0.04411764705882353,0.0,0.024390243902439025,0.014705882352941176,0.0,0.015151515151515152,0.0273972602739726,0.024096385542168676,0.0,0.0,0.03773584905660377,0.024096385542168676,0.0,0.015873015873015872,0.027777777777777776,0.0,0.017241379310344827,0.05084745762711865,0.013157894736842105,0.03571428571428571,0.015625,0.03125,0.019230769230769232,0.016129032258064516,0.01639344262295082,0.0,0.02040816326530612,0.02,0.015625,0.0,0.012987012987012988,0.0,0.0,0.014285714285714285,0.0,0.034482758620689655,0.0,0.0,0.015873015873015872,0.02702702702702703,0.0,0.01694915254237288,0.0,0.015384615384615385,0.0,0.0,0.017543859649122806,0.0,0.0,1.0,0.027777777777777776,0.01639344262295082,0.014492753623188406,0.0,0.0,0.0,0.03076923076923077,0.017857142857142856,0.017543859649122806,0.03225806451612903,0.016666666666666666,0.01818181818181818,0.01694915254237288,0.0,0.1111111111111111,0.02,0.0410958904109589,0.017857142857142856,0.016666666666666666,0.0,0.0,0.011235955056179775,0.02040816326530612,0.05555555555555555,0.0
059035342X,0.016129032258064516,0.0,0.0125,0.04411764705882353,0.0,0.0,0.014285714285714285,0.0,0.012048192771084338,0.0,0.0,0.0,0.023529411764705882,0.014925373134328358,0.0,0.047619047619047616,0.017241379310344827,0.0,0.013333333333333334,0.0,0.016129032258064516,0.031746031746031744,0.0,0.024390243902439025,0.02857142857142857,0.015151515151515152,0.045454545454545456,0.0,0.0,0.0,0.0,0.01639344262295082,0.0,0.01818181818181818,0.04040404040404041,0.01282051282051282,1.0,0.015625,0.012195121951219513,0.0,0.0,0.0,0.109375,0.0,0.014705882352941176,0.04054054054054054,0.011627906976744186,0.05970149253731343,0.0,0.0,0.07407407407407407,0.07352941176470588,0.015384615384615385,0.013333333333333334,0.0,0.03389830508474576,0.015873015873015872,0.0,0.034482758620689655,0.015151515151515152,0.030303030303030304,0.0,0.015625,0.0,0.0,0.0,0.0,0.0,0.0,0.012658227848101266,0.0,0.01282051282051282,0.0,0.0,0.01639344262295082,0.0,0.0,0.015384615384615385,0.012987012987012988,0.0,0.01639344262295082,0.0,0.0,0.018518518518518517,0.014285714285714285,0.034482758620689655,0.0,0.0,0.027777777777777776,1.0,0.0,0.014084507042253521,0.014084507042253521,0.0,0.0,0.014705882352941176,0.0,0.0,0.015384615384615385,0.05,0.11538461538461539,0.03333333333333333,0.03225806451612903,0.0,0.0,0.02631578947368421,0.017241379310344827,0.016129032258064516,0.017543859649122806,0.06896551724137931,0.033707865168539325,0.0,0.0,0.018518518518518517
812550706,0.02,0.0,0.0,0.05357142857142857,0.0,0.0,0.0,0.023809523809523808,0.0,0.0196078431372549,0.0,0.024390243902439025,0.0,0.0,0.0,0.018867924528301886,0.0,0.0,0.0,0.015625,0.02,0.019230769230769232,0.02127659574468085,0.02857142857142857,0.0,0.03773584905660377,0.017857142857142856,0.0,0.0,0.03571428571428571,0.02,0.02040816326530612,0.0,0.023255813953488372,0.03409090909090909,0.0,0.0,0.0392156862745098,0.014285714285714285,0.016666666666666666,0.0,0.0136986301369863,0.017241379310344827,0.0136986301369863,0.0,0.0,0.013513513513513514,0.017241379310344827,0.0,0.046511627906976744,0.0,0.0,0.0,0.0,0.0,0.0,0.0196078431372549,0.0,0.043478260869565216,0.0,0.01818181818181818,0.0,0.019230769230769232,0.04,0.01818181818181818,0.02564102564102564,0.05128205128205128,0.0,0.0,0.0,0.0,0.0,0.016666666666666666,0.0,0.0,0.0,0.019230769230769232,0.058823529411764705,0.0,0.0,0.02040816326530612,0.0,0.0,0.0,0.017241379310344827,0.02127659574468085,0.0,0.0,0.01639344262295082,0.0,1.0,0.01694915254237288,0.0,0.02564102564102564,0.0,0.0,0.021739130434782608,0.043478260869565216,0.018867924528301886,0.0,0.022222222222222223,0.0,0.0,0.01694915254237288,0.0,0.015384615384615385,0.0,0.0,0.0,0.0,0.0,0.0,0.021739130434782608,0.0
345353145,0.0,0.0,0.0,0.0,0.013888888888888888,0.0,0.015151515151515152,0.0,0.012658227848101266,0.0,0.016666666666666666,0.0,0.012195121951219513,0.0,0.0,0.0,0.018518518518518517,0.0,0.02857142857142857,0.013888888888888888,0.0,0.016666666666666666,0.0,0.012658227848101266,0.0,0.016129032258064516,0.0,0.0,0.0,0.0,0.0,0.0,0.0,0.0196078431372549,0.020618556701030927,0.0,0.014084507042253521,0.016666666666666666,0.0,0.014705882352941176,0.0,0.025,0.015151515151515152,0.0,0.015625,0.013888888888888888,0.012195121951219513,0.0,0.0,0.0,0.012195121951219513,0.0,0.01639344262295082,0.014084507042253521,0.0,0.0,0.01694915254237288,0.013513513513513514,0.01818181818181818,0.0,0.04918032786885246,0.0,0.016666666666666666,0.01694915254237288,0.0,0.0,0.0,0.0,0.022727272727272728,0.0,0.0,0.0,0.014705882352941176,0.0,0.017543859649122806,0.0,0.0,0.0,0.0136986301369863,0.0,0.017543859649122806,0.0,0.0,0.0,0.03076923076923077,0.0,0.01639344262295082,0.0,0.014492753623188406,0.014084507042253521,0.01694915254237288,1.0,0.014925373134328358,0.0,0.022727272727272728,0.031746031746031744,0.018518518518518517,0.0,0.01639344262295082,0.017241379310344827,0.0,0.017543859649122806,0.0,0.0,0.020833333333333332,0.0136986301369863,0.0,0.03508771929824561,0.018867924528301886,0.0,0.011494252873563218,0.0,0.0,0.0
440214041,0.0,0.037037037037037035,0.0,0.0,0.0,0.0,0.03076923076923077,0.0,0.0,0.01694915254237288,0.0,0.0,0.012195121951219513,0.03225806451612903,0.0,0.03333333333333333,0.0,0.017241379310344827,0.014084507042253521,0.013888888888888888,0.0,0.016666666666666666,0.01818181818181818,0.02564102564102564,0.030303030303030304,0.03278688524590164,0.015625,0.0,0.0,0.015384615384615385,0.0,0.0,0.0,0.0,0.01020408163265306,0.0,0.014084507042253521,0.016666666666666666,0.025974025974025976,0.014705882352941176,0.0,0.025,0.0,0.0,0.015625,0.013888888888888888,0.012195121951219513,0.03076923076923077,0.016129032258064516,0.0,0.024691358024691357,0.0,0.0,0.014084507042253521,0.02127659574468085,0.017857142857142856,0.0,0.0,0.0,0.0,0.03225806451612903,0.02,0.0,0.0,0.0,0.0,0.0,0.0,0.0,0.0,0.0,0.013513513513513514,0.014705882352941176,0.0,0.017543859649122806,0.0,0.0,0.0,0.0136986301369863,0.0,0.0,0.0,0.015873015873015872,0.02,0.015151515151515152,0.0,0.08771929824561403,0.0,0.0,0.014084507042253521,0.0,0.014925373134328358,1.0,0.0,0.0,0.0,0.0,0.0,0.0,0.017241379310344827,0.0,0.017543859649122806,0.01694915254237288,0.0,0.0,0.04225352112676056,0.0,0.0,0.0,0.0,0.011494252873563218,0.0,0.0,0.02
60392452,0.0,0.0,0.0,0.044444444444444446,0.0,0.0,0.0,0.06896551724137931,0.01694915254237288,0.0,0.0,0.0,0.0,0.0,0.0,0.0,0.0,0.02631578947368421,0.0,0.0,0.0,0.025,0.0,0.01694915254237288,0.02127659574468085,0.0,0.0,0.02857142857142857,0.0,0.045454545454545456,0.02631578947368421,0.02702702702702703,0.02631578947368421,0.0,0.039473684210526314,0.0,0.0,0.05128205128205128,0.03508771929824561,0.0,0.0,0.0,0.0,0.01639344262295082,0.046511627906976744,0.019230769230769232,0.016129032258064516,0.021739130434782608,0.0,0.13793103448275862,0.0,0.0,0.024390243902439025,0.0196078431372549,0.0,0.0,0.0,0.0,0.09090909090909091,0.0,0.0,0.0,0.0,0.02564102564102564,0.0,0.0,0.07407407407407407,0.0,0.0,0.0,0.0,0.0,0.020833333333333332,0.0,0.0,0.018518518518518517,0.0,0.10526315789473684,0.0,0.0,0.0,0.0,0.0,0.0,0.0,0.0,0.0,0.029411764705882353,0.0,0.0,0.02564102564102564,0.0,0.0,1.0,0.0,0.0,0.0,0.0,0.0,0.0,0.0,0.02702702702702703,0.0,0.02127659574468085,0.0,0.0,0.0,0.0,0.0,0.0,0.0,0.0,0.029411764705882353,0.0
312291639,0.02857142857142857,0.03125,0.0,0.0,0.0,0.03571428571428571,0.023255813953488372,0.0,0.0,0.0,0.0,0.0,0.0,0.0,0.0,0.0,0.0,0.0,0.0,0.02040816326530612,0.02857142857142857,0.0,0.0,0.0,0.0,0.0,0.024390243902439025,0.03125,0.0,0.0,0.0,0.0,0.0,0.0,0.0,0.0,0.0,0.0,0.0,0.022222222222222223,0.0,0.0,0.0,0.017241379310344827,0.0,0.02040816326530612,0.0,0.0,0.02564102564102564,0.0,0.0,0.0,0.0,0.0,0.0,0.0,0.0,0.0196078431372549,0.0,0.02564102564102564,0.025,0.037037037037037035,0.02702702702702703,0.0,0.0,0.0,0.0,0.02564102564102564,1.0,0.0,0.0,0.0,0.0,0.0,0.0,0.0,0.02702702702702703,0.0,0.0,0.0,0.0,0.0,0.0,0.037037037037037035,0.0,0.0,0.0,0.0,0.0,0.0,0.0,0.022727272727272728,0.0,0.0,1.0,0.0,0.0,0.0,0.0,0.0,0.0,0.0,0.0,0.0,0.08333333333333333,0.0,0.03225806451612903,0.0,0.03333333333333333,0.0,0.015625,0.0,0.0,0.0
375706771,0.0,0.0,0.0,0.0,0.0,0.0,0.015873015873015872,0.0,0.04054054054054054,0.017857142857142856,0.0,0.0,0.0,0.0,0.018518518518518517,0.017241379310344827,0.0196078431372549,0.01818181818181818,0.014705882352941176,0.0,0.0,0.017543859649122806,0.0,0.013157894736842105,0.0,0.0,0.0,0.0,0.0,0.0,0.0,0.0,0.0,0.020833333333333332,0.010526315789473684,0.0,0.014705882352941176,0.017543859649122806,0.0,0.0,0.0,0.0,0.0,0.0,0.01639344262295082,0.029411764705882353,0.0,0.0,0.0,0.02040816326530612,0.0,0.0,0.017241379310344827,0.045454545454545456,0.0,0.0,0.017857142857142856,0.014084507042253521,0.019230769230769232,0.0,0.03389830508474576,0.0,0.017543859649122806,0.017857142857142856,0.0,0.0,0.0,0.01694915254237288,0.0,0.0,0.0,0.014084507042253521,0.0,0.0,0.03773584905660377,0.0,0.0,0.0,0.014285714285714285,0.0,0.0,0.0,0.0,0.0,0.015873015873015872,0.0,0.017241379310344827,0.0196078431372549,0.03076923076923077,0.014705882352941176,0.0,0.031746031746031744,0.0,0.0,0.0,1.0,0.0,0.0,0.017241379310344827,0.01818181818181818,0.0,0.018518518518518517,0.0,0.0,0.022222222222222223,0.028985507246376812,0.0196078431372549,0.01818181818181818,0.0,0.0,0.011904761904761904,0.0,0.0,0.02127659574468085
60502258,0.022222222222222223,0.0,0.0,0.018867924528301886,0.01694915254237288,0.05405405405405406,0.0,0.0,0.015151515151515152,0.021739130434782608,0.0,0.027777777777777776,0.0,0.0,0.0,0.0,0.0,0.0,0.017241379310344827,0.0,0.045454545454545456,0.02127659574468085,0.075,0.0,0.0,0.041666666666666664,0.0,0.0,0.0,0.0,0.022222222222222223,0.0,0.0,0.0,0.023809523809523808,0.0,0.0,0.02127659574468085,0.015384615384615385,0.0,0.0,0.0,0.038461538461538464,0.014705882352941176,0.0,0.0,0.04477611940298507,0.018867924528301886,0.0,0.02564102564102564,0.0,0.0,0.0,0.0,0.0,0.0,0.044444444444444446,0.0,0.04878048780487805,0.0,0.02,0.0,0.0,0.044444444444444446,0.0,0.029411764705882353,0.02857142857142857,0.0,0.0,0.0,0.0,0.0,0.01818181818181818,0.0,0.0,0.0,0.0,0.020833333333333332,0.0,0.0,0.022727272727272728,0.0,0.0,0.0,0.0,0.023809523809523808,0.020833333333333332,0.05,0.017857142857142856,0.0,0.021739130434782608,0.018518518518518517,0.0,0.0,0.0,0.0,1.0,0.023809523809523808,0.020833333333333332,0.0,0.025,0.0,0.0,0.018518518518518517,0.0,0.0,0.0,0.022222222222222223,0.025,0.046511627906976744,0.0,0.0,0.05,0.0
345339681,0.0,0.023255813953488372,0.0,0.0,0.016666666666666666,0.02564102564102564,0.03773584905660377,0.0,0.0,0.0,0.0,0.0,0.014285714285714285,0.0,0.022222222222222223,0.02040816326530612,0.0,0.0,0.01694915254237288,0.0,0.021739130434782608,0.0,0.023255813953488372,0.030303030303030304,0.0,0.04081632653061224,0.019230769230769232,0.0,0.0,0.018867924528301886,0.0,0.0,0.0,0.0,0.0,0.0,0.0,0.0,0.0,0.017857142857142856,0.0,0.0,0.018518518518518517,0.014492753623188406,0.0,0.016666666666666666,0.0,0.03773584905660377,0.0,0.0,0.014285714285714285,0.0,0.0,0.0,0.0,0.0,0.02127659574468085,0.0,0.0,0.0,0.0196078431372549,0.0,0.020833333333333332,0.0,0.0,0.0,0.0,0.0,0.0,0.0,0.0,0.016129032258064516,0.0,0.0,0.0,0.0,0.020833333333333332,0.0,0.0,0.0,0.0,0.0,0.0196078431372549,0.0,0.03773584905660377,0.0,0.02040816326530612,0.0,0.017543859649122806,0.0,0.043478260869565216,0.0,0.0,0.0,0.0,0.0,0.023809523809523808,1.0,0.0,0.0,0.0,0.0,0.0,0.0,0.0,0.0,0.0,0.0,0.024390243902439025,0.022222222222222223,0.013333333333333334,0.0,0.0,0.0
068484477X,0.019230769230769232,0.02040816326530612,0.0,0.03389830508474576,0.0,0.0,0.016666666666666666,0.0,0.0136986301369863,0.018867924528301886,0.018518518518518517,0.023255813953488372,0.0,0.017543859649122806,0.0,0.0,0.06521739130434782,0.019230769230769232,0.015384615384615385,0.015151515151515152,0.019230769230769232,0.057692307692307696,0.02040816326530612,0.0136986301369863,0.08771929824561403,0.017857142857142856,0.0,0.02040816326530612,0.0,0.01694915254237288,0.0392156862745098,0.0196078431372549,0.0,0.022222222222222223,0.0449438202247191,0.078125,0.015384615384615385,0.018518518518518517,0.013888888888888888,0.03278688524590164,0.0,0.0,0.016666666666666666,0.02702702702702703,0.017241379310344827,0.046875,0.013157894736842105,0.016666666666666666,0.0,0.044444444444444446,0.0,0.0,0.037037037037037035,0.0,0.0,0.02,0.038461538461538464,0.0,0.06382978723404255,0.0,0.03571428571428571,0.0,0.03773584905660377,0.018867924528301886,0.0,0.05,0.023809523809523808,0.0,0.0,0.0,0.0,0.0,0.016129032258064516,0.0,0.0196078431372549,0.014705882352941176,0.03773584905660377,0.01818181818181818,0.014925373134328358,0.0,0.04,0.0,0.03571428571428571,0.0,0.0,0.02040816326530612,0.01818181818181818,0.0,0.03225806451612903,0.015384615384615385,0.018867924528301886,0.01639344262295082,0.0,0.0,0.0,0.017241379310344827,0.020833333333333332,0.0,1.0,0.0392156862745098,0.02127659574468085,0.0196078431372549,0.0,0.01639344262295082,0.023809523809523808,0.046153846153846156,0.020833333333333332,0.0392156862745098,0.02127659574468085,0.0,0.0,0.024390243902439025,0.020833333333333332,0.0
440213525,0.041666666666666664,0.0,0.014925373134328358,0.0,0.0,0.0,0.09433962264150944,0.024390243902439025,0.014285714285714285,0.0,0.04,0.05128205128205128,0.0136986301369863,0.0,0.0,0.0,0.022222222222222223,0.02040816326530612,0.016129032258064516,0.0,0.0,0.04,0.021739130434782608,0.0,0.0,0.018867924528301886,0.0,0.0,0.0,0.017857142857142856,0.0,0.0,0.0,0.023809523809523808,0.022727272727272728,0.0,0.05,0.0196078431372549,0.0,0.0,0.0,0.028169014084507043,0.03571428571428571,0.0,0.01818181818181818,0.015873015873015872,0.0,0.0,0.0,0.0,0.0,0.0,0.019230769230769232,0.03278688524590164,0.0,0.02127659574468085,0.02,0.0,0.021739130434782608,0.0,0.018518518518518517,0.0,0.0196078431372549,0.0,0.0,0.0,0.0,0.018867924528301886,0.0,0.0,0.0,0.015384615384615385,0.01694915254237288,0.0,0.020833333333333332,0.015384615384615385,0.0,0.0,0.031746031746031744,0.014492753623188406,0.0,0.0,0.0,0.0,0.0,0.0,0.08163265306122448,0.0,0.016666666666666666,0.05,0.0,0.017241379310344827,0.017241379310344827,0.0,0.0,0.01818181818181818,0.0,0.0,0.0392156862745098,1.0,0.0,0.020833333333333332,0.0,0.017241379310344827,0.0,0.04838709677419355,0.0,0.02040816326530612,0.0,0.0,0.0,0.0,0.0,0.0
439136350,0.022727272727272728,0.0,0.0,0.019230769230769232,0.0,0.0,0.0,0.0,0.0,0.022222222222222223,0.0,0.02857142857142857,0.014705882352941176,0.0,0.0,0.043478260869565216,0.025,0.022727272727272728,0.0,0.0,0.022727272727272728,0.044444444444444446,0.024390243902439025,0.015384615384615385,0.0,0.020833333333333332,0.0,0.0,0.0,0.0,0.022727272727272728,0.0,0.0,0.0,0.011904761904761904,0.0,0.11538461538461539,0.0,0.015625,0.0,0.0,0.0,0.10416666666666667,0.0,0.0,0.0,0.014705882352941176,0.019230769230769232,0.020833333333333332,0.02631578947368421,0.09523809523809523,0.057692307692307696,0.0,0.0,0.0,0.0,0.022222222222222223,0.0,0.024390243902439025,0.0,0.02040816326530612,0.0,0.0,0.022222222222222223,0.02040816326530612,0.030303030303030304,0.029411764705882353,0.0,0.0,0.0,0.022222222222222223,0.0,0.018518518518518517,0.0,0.0,0.016666666666666666,0.0,0.06666666666666667,0.0,0.0,0.023255813953488372,0.0,0.0,0.0,0.0,0.05,0.02127659574468085,0.0,0.01818181818181818,0.11538461538461539,0.022222222222222223,0.0,0.0,0.0,0.0,0.0,0.025,0.0,0.02127659574468085,0.0,1.0,0.0,0.0,0.018867924528301886,0.0,0.0,0.0,0.0,0.1111111111111111,0.023255813953488372,0.07246376811594203,0.0,0.025,0.0
316096199,0.0,0.0,0.0,0.0,0.0,0.0,0.017857142857142856,0.0,0.014492753623188406,0.0,0.0,0.0,0.0,0.0,0.02127659574468085,0.0,0.022727272727272728,0.020833333333333332,0.01639344262295082,0.0,0.0,0.04081632653061224,0.0,0.0,0.017543859649122806,0.0,0.03773584905660377,0.0,0.0,0.0,0.020833333333333332,0.043478260869565216,0.020833333333333332,0.024390243902439025,0.022988505747126436,0.0,0.03333333333333333,0.04081632653061224,0.0,0.0,0.0,0.0,0.0,0.0,0.057692307692307696,0.016129032258064516,0.013888888888888888,0.0,0.019230769230769232,0.023809523809523808,0.0,0.0,0.04,0.0,0.0,0.0,0.02040816326530612,0.0,0.022222222222222223,0.019230769230769232,0.018867924528301886,0.0,0.02,0.041666666666666664,0.0,0.0,0.0,0.0,0.0,0.0,0.0,0.031746031746031744,0.0,0.0,0.02127659574468085,0.015625,0.0,0.0196078431372549,0.015873015873015872,0.0,0.0,0.0,0.0,0.0,0.0,0.0,0.0,0.046511627906976744,0.01694915254237288,0.03333333333333333,0.0,0.017543859649122806,0.017543859649122806,0.02702702702702703,0.0,0.018518518518518517,0.0,0.0,0.0196078431372549,0.020833333333333332,0.0,1.0,0.0,0.0,0.0,0.03225806451612903,0.0,0.020833333333333332,0.0,0.0,0.0,0.0,0.0,0.0
044651652X,0.02,0.02127659574468085,0.0,0.0,0.0,0.0,0.0,0.0,0.0,0.0196078431372549,0.0,0.0,0.0273972602739726,0.01818181818181818,0.0,0.0,0.021739130434782608,0.02,0.015873015873015872,0.015625,0.0,0.019230769230769232,0.0,0.02857142857142857,0.034482758620689655,0.0,0.017857142857142856,0.0,0.0,0.0,0.0,0.0,0.02,0.023255813953488372,0.02247191011235955,0.03076923076923077,0.03225806451612903,0.0,0.014285714285714285,0.03389830508474576,0.0,0.0,0.0,0.05714285714285714,0.0,0.015625,0.013513513513513514,0.017241379310344827,0.0,0.0,0.0,0.0,0.0,0.0,0.0,0.020833333333333332,0.0,0.0,0.0,0.018518518518518517,0.01818181818181818,0.0,0.019230769230769232,0.0,0.0,0.0,0.0,0.018518518518518517,0.0,0.0,0.0196078431372549,0.0,0.0,0.02040816326530612,0.0,0.0,0.019230769230769232,0.0,0.0,0.0,0.02040816326530612,0.018867924528301886,0.01818181818181818,0.023809523809523808,0.0,0.0,0.018867924528301886,0.0,0.0,0.03225806451612903,0.0,0.0,0.01694915254237288,0.0,0.0,0.0,0.0,0.0,0.0,0.0,0.0,0.0,1.0,0.01694915254237288,0.0,0.0,0.044444444444444446,0.02,0.0,0.0,0.0,0.0,0.0,0.0
316284955,0.03508771929824561,0.0,0.0,0.015151515151515152,0.0,0.0196078431372549,0.03076923076923077,0.0,0.012658227848101266,0.034482758620689655,0.03389830508474576,0.02040816326530612,0.0,0.015873015873015872,0.0,0.0,0.0784313725490196,0.07272727272727272,0.0,0.0,0.017241379310344827,0.07017543859649122,0.01818181818181818,0.02564102564102564,0.0,0.016129032258064516,0.015625,0.0,0.0,0.015384615384615385,0.05357142857142857,0.0,0.03508771929824561,0.0,0.05319148936170213,0.0,0.0,0.0,0.025974025974025976,0.014705882352941176,0.0,0.0,0.03076923076923077,0.025,0.0,0.0,0.0375,0.0,0.0,0.0392156862745098,0.0,0.0,0.0,0.014084507042253521,0.0,0.017857142857142856,0.034482758620689655,0.0,0.037037037037037035,0.016129032258064516,0.015873015873015872,0.0,0.016666666666666666,0.05263157894736842,0.0,0.02127659574468085,0.020833333333333332,0.016129032258064516,0.0,0.0,0.01694915254237288,0.013513513513513514,0.029850746268656716,0.0,0.017543859649122806,0.013513513513513514,0.016666666666666666,0.01639344262295082,0.0136986301369863,0.0,0.05454545454545454,0.01639344262295082,0.03225806451612903,0.0,0.0,0.01818181818181818,0.01639344262295082,0.0,0.1111111111111111,0.0,0.01694915254237288,0.0,0.0,0.02127659574468085,0.0,0.0,0.018518518518518517,0.0,0.01639344262295082,0.017241379310344827,0.018867924528301886,0.0,0.01694915254237288,1.0,0.0,0.04225352112676056,0.03773584905660377,0.0,0.0,0.017543859649122806,0.0,0.02127659574468085,0.03773584905660377,0.02
375727345,0.0,0.0,0.0,0.0,0.0,0.03125,0.0,0.0,0.0,0.0,0.0,0.0,0.0,0.0,0.02631578947368421,0.0,0.02857142857142857,0.0,0.0,0.018867924528301886,0.02564102564102564,0.0,0.0,0.0,0.0425531914893617,0.0,0.0,0.0,0.0,0.0,0.02564102564102564,0.0,0.0,0.0,0.0,0.01818181818181818,0.0,0.0,0.0,0.041666666666666664,0.0,0.0,0.0,0.03278688524590164,0.0,0.018867924528301886,0.0,0.02127659574468085,0.023255813953488372,0.030303030303030304,0.0,0.0,0.0,0.019230769230769232,0.0,0.0,0.0,0.01818181818181818,0.0,0.023255813953488372,0.022727272727272728,0.03225806451612903,0.024390243902439025,0.0,0.0,0.0,0.0,0.023255813953488372,0.08333333333333333,0.0,0.0,0.0,0.0,0.0,0.0,0.0,0.024390243902439025,0.0,0.0,0.0,0.02631578947368421,0.0,0.022727272727272728,0.0,0.0,0.0,0.0,0.0,0.02,0.0,0.0,0.020833333333333332,0.0,0.0,0.08333333333333333,0.022222222222222223,0.0,0.0,0.023809523809523808,0.0,0.0,0.0,0.0,0.0,1.0,0.018518518518518517,0.02857142857142857,0.0,0.029411764705882353,0.0,0.045454545454545456,0.0,0.0,0.0
312924585,0.0,0.01639344262295082,0.0,0.0,0.0,0.0,0.057971014492753624,0.0,0.023809523809523808,0.0,0.015151515151515152,0.0,0.0,0.0,0.0,0.014925373134328358,0.03389830508474576,0.015625,0.012987012987012988,0.0,0.0,0.015151515151515152,0.01639344262295082,0.011764705882352941,0.0,0.014705882352941176,0.014285714285714285,0.0,0.0,0.043478260869565216,0.015625,0.0,0.0,0.017543859649122806,0.029411764705882353,0.0,0.02631578947368421,0.03076923076923077,0.011904761904761904,0.0273972602739726,0.0,0.0,0.0,0.011494252873563218,0.014285714285714285,0.01282051282051282,0.0,0.028169014084507043,0.0,0.017241379310344827,0.0,0.0,0.014925373134328358,0.0,0.0,0.0,0.015384615384615385,0.0,0.01639344262295082,0.0,0.014492753623188406,0.0,0.015151515151515152,0.0,0.0,0.0,0.0,0.0,0.0,0.0,0.0,0.0125,0.013513513513513514,0.0,0.015873015873015872,0.0,0.0,0.014925373134328358,0.08108108108108109,0.011904761904761904,0.015873015873015872,0.0,0.014492753623188406,0.0,0.013888888888888888,0.0,0.014925373134328358,0.0,0.0410958904109589,0.02631578947368421,0.015384615384615385,0.0136986301369863,0.04225352112676056,0.0,0.0,0.028985507246376812,0.0,0.0,0.046153846153846156,0.04838709677419355,0.0,0.03225806451612903,0.0,0.04225352112676056,0.018518518518518517,1.0,0.0,0.031746031746031744,0.01694915254237288,0.0,0.021739130434782608,0.0,0.0,0.0
684872153,0.022222222222222223,0.0,0.0,0.0,0.0,0.05405405405405406,0.0,0.0,0.0,0.044444444444444446,0.0,0.0,0.0,0.04081632653061224,0.0,0.020833333333333332,0.05,0.045454545454545456,0.0,0.0,0.022222222222222223,0.043478260869565216,0.0,0.03076923076923077,0.0,0.0,0.0,0.0,0.0,0.0,0.022222222222222223,0.0,0.045454545454545456,0.02631578947368421,0.03614457831325301,0.0,0.017241379310344827,0.23076923076923078,0.015384615384615385,0.01818181818181818,0.0,0.0,0.018867924528301886,0.045454545454545456,0.0,0.05263157894736842,0.0,0.0,0.02040816326530612,0.02564102564102564,0.0,0.0,0.020833333333333332,0.0,0.0,0.023255813953488372,0.0,0.01639344262295082,0.0,0.041666666666666664,0.0625,0.02702702702702703,0.043478260869565216,0.0,0.0,0.0,0.0,0.08695652173913043,0.03225806451612903,0.016129032258064516,0.021739130434782608,0.0,0.0,0.0,0.022727272727272728,0.03333333333333333,0.043478260869565216,0.0,0.0,0.0,0.022727272727272728,0.020833333333333332,0.04081632653061224,0.02702702702702703,0.0,0.0,0.020833333333333332,0.0,0.017857142857142856,0.017241379310344827,0.0,0.0,0.0,0.0,0.03225806451612903,0.0196078431372549,0.0,0.0,0.020833333333333332,0.0,0.0,0.0,0.044444444444444446,0.03773584905660377,0.02857142857142857,0.0,1.0,0.0,0.0,0.0,0.013513513513513514,0.0,0.0,0.0
316601950,0.0,0.0,0.0,0.0,0.0,0.0,0.017543859649122806,0.0,0.028985507246376812,0.0,0.0196078431372549,0.025,0.0136986301369863,0.0,0.020833333333333332,0.0,0.022222222222222223,0.041666666666666664,0.016129032258064516,0.0,0.02040816326530612,0.0196078431372549,0.0,0.0,0.017241379310344827,0.0,0.0,0.0,0.022222222222222223,0.017857142857142856,0.0,0.020833333333333332,0.0,0.023809523809523808,0.011235955056179775,0.047619047619047616,0.016129032258064516,0.0196078431372549,0.014492753623188406,0.0,0.0,0.0,0.0,0.028169014084507043,0.01818181818181818,0.03225806451612903,0.0,0.0,0.0,0.0,0.0,0.0,0.019230769230769232,0.016129032258064516,0.0,0.0,0.04081632653061224,0.0,0.044444444444444446,0.0,0.018518518518518517,0.0,0.0196078431372549,0.0,0.0,0.02631578947368421,0.0,0.0,0.0,0.0,0.0,0.0,0.0,0.0,0.020833333333333332,0.0,0.0,0.0,0.015625,0.0,0.020833333333333332,0.0,0.0,0.0,0.0,0.0,0.019230769230769232,0.0,0.016666666666666666,0.016129032258064516,0.0,0.03508771929824561,0.0,0.0,0.0,0.01818181818181818,0.022222222222222223,0.0,0.0392156862745098,0.02040816326530612,0.0,0.020833333333333332,0.02,0.0,0.0,0.031746031746031744,0.0,1.0,0.022727272727272728,0.020833333333333332,0.0,0.02631578947368421,0.0,0.0
439139597,0.0,0.0,0.0,0.0,0.0,0.0,0.0,0.027777777777777776,0.0,0.0,0.0,0.0,0.0,0.0,0.0,0.0,0.05128205128205128,0.046511627906976744,0.0,0.017241379310344827,0.0,0.0,0.0,0.015384615384615385,0.0,0.0,0.0,0.0,0.0,0.0,0.0,0.0,0.0,0.0,0.0,0.0,0.017543859649122806,0.021739130434782608,0.0,0.03773584905660377,0.0,0.0,0.0392156862745098,0.0,0.0,0.0,0.0,0.0,0.020833333333333332,0.0,0.029850746268656716,0.057692307692307696,0.0,0.0,0.0,0.0,0.0,0.0,0.0,0.0,0.02040816326530612,0.0,0.0,0.0,0.02040816326530612,0.0,0.0,0.0,0.03333333333333333,0.0,0.022222222222222223,0.0,0.0,0.0,0.0,0.0,0.0,0.02127659574468085,0.0,0.031746031746031744,0.0,0.0,0.0,0.0,0.0,0.0,0.02127659574468085,0.0,0.0,0.017543859649122806,0.0,0.018867924528301886,0.0,0.0,0.03333333333333333,0.0,0.025,0.024390243902439025,0.02127659574468085,0.0,0.1111111111111111,0.0,0.0,0.0,0.029411764705882353,0.01694915254237288,0.0,0.022727272727272728,1.0,0.047619047619047616,0.027777777777777776,0.0,0.0,0.0
439064864,0.0,0.0,0.0,0.017857142857142856,0.05,0.0,0.017857142857142856,0.0,0.0,0.02040816326530612,0.02,0.0,0.0,0.0,0.0,0.0,0.022727272727272728,0.0,0.0,0.0,0.020833333333333332,0.0,0.022222222222222223,0.0,0.0,0.019230769230769232,0.0,0.022222222222222223,0.0,0.01818181818181818,0.0,0.0,0.0,0.0,0.011363636363636364,0.0,0.06896551724137931,0.0,0.0,0.0,0.0,0.0,0.16326530612244897,0.014084507042253521,0.018518518518518517,0.0,0.0,0.03636363636363636,0.0,0.0,0.057971014492753624,0.11320754716981132,0.0,0.0,0.0,0.044444444444444446,0.02040816326530612,0.0,0.022222222222222223,0.019230769230769232,0.0,0.025,0.0,0.02040816326530612,0.0,0.0,0.0,0.0,0.0,0.0,0.0,0.015625,0.017241379310344827,0.0,0.0,0.0,0.0,0.0,0.015873015873015872,0.0,0.02127659574468085,0.0,0.0,0.025,0.0,0.0,0.0196078431372549,0.0,0.0,0.06896551724137931,0.0,0.0,0.0,0.0,0.0,0.0,0.046511627906976744,0.022222222222222223,0.0,0.0,0.023255813953488372,0.0,0.0,0.017543859649122806,0.0,0.0,0.0,0.020833333333333332,0.047619047619047616,1.0,0.012987012987012988,0.0,0.046511627906976744,0.0
043935806X,0.0,0.013333333333333334,0.010416666666666666,0.0,0.0,0.014084507042253521,0.03571428571428571,0.0,0.0,0.0,0.0125,0.0,0.03,0.0,0.012987012987012988,0.025,0.0,0.01282051282051282,0.01098901098901099,0.0,0.01282051282051282,0.0125,0.013333333333333334,0.02040816326530612,0.011494252873563218,0.012195121951219513,0.0,0.0,0.0,0.0,0.0,0.0,0.0,0.0,0.017094017094017096,0.010638297872340425,0.033707865168539325,0.0,0.01020408163265306,0.011363636363636364,0.0,0.0,0.03571428571428571,0.02,0.0,0.010869565217391304,0.00980392156862745,0.023529411764705882,0.0375,0.0,0.08421052631578947,0.05952380952380952,0.0,0.01098901098901099,0.0,0.0,0.0,0.021505376344086023,0.0,0.012195121951219513,0.024390243902439025,0.014285714285714285,0.0125,0.0,0.012048192771084338,0.0,0.0,0.012195121951219513,0.015625,0.0,0.0,0.010638297872340425,0.0,0.0,0.0,0.010638297872340425,0.0125,0.0,0.0,0.01020408163265306,0.0,0.0,0.0,0.0,0.011627906976744186,0.02702702702702703,0.025,0.0,0.011235955056179775,0.033707865168539325,0.0,0.011494252873563218,0.011494252873563218,0.0,0.015625,0.011904761904761904,0.0,0.013333333333333334,0.0,0.0,0.07246376811594203,0.0,0.0,0.0,0.045454545454545456,0.021739130434782608,0.013513513513513514,0.0,0.027777777777777776,0.012987012987012988,1.0,0.0,0.0,0.0
440220602,0.0,0.0,0.0,0.0,0.0,0.0,0.0,0.0,0.0,0.0,0.025,0.0,0.0,0.0,0.0,0.0,0.0,0.0,0.0,0.0,0.0,0.0,0.0,0.0,0.02127659574468085,0.0,0.0,0.0,0.0,0.0,0.0,0.0,0.0,0.0,0.0,0.018518518518518517,0.0,0.0,0.0,0.0,0.0,0.0,0.0,0.0,0.0,0.019230769230769232,0.0,0.0,0.0,0.0,0.0,0.0,0.0,0.0,0.0,0.0,0.0,0.0,0.02857142857142857,0.023809523809523808,0.023255813953488372,0.0,0.0,0.0,0.0,0.0,0.0,0.0,0.0,0.0,0.0,0.0,0.0,0.0,0.0,0.0,0.0,0.0,0.0,0.017241379310344827,0.0,0.0,0.0,0.0,0.0,0.0,0.024390243902439025,0.0,0.02040816326530612,0.0,0.0,0.0,0.0,0.0,0.0,0.0,0.0,0.0,0.024390243902439025,0.0,0.0,0.0,0.0,0.02127659574468085,0.0,0.0,0.0,0.02631578947368421,0.0,0.0,0.0,1.0,0.0,0.0
671001795,0.022222222222222223,0.0,0.0,0.038461538461538464,0.0,0.0,0.0,0.0,0.0,0.021739130434782608,0.0,0.027777777777777776,0.0,0.0,0.0,0.0,0.0,0.0,0.017241379310344827,0.0,0.022222222222222223,0.02127659574468085,0.04878048780487805,0.0,0.0,0.02040816326530612,0.0,0.0,0.0,0.0,0.022222222222222223,0.022727272727272728,0.0,0.0,0.03614457831325301,0.0,0.0,0.02127659574468085,0.015384615384615385,0.01818181818181818,0.0,0.0,0.038461538461538464,0.0,0.0,0.0,0.014492753623188406,0.0,0.0,0.08108108108108109,0.0,0.0,0.0,0.0,0.0,0.0,0.021739130434782608,0.0,0.075,0.0,0.0,0.0,0.0,0.044444444444444446,0.0,0.029411764705882353,0.058823529411764705,0.0,0.0,0.016129032258064516,0.021739130434782608,0.03333333333333333,0.037037037037037035,0.0,0.0,0.0,0.0,0.0425531914893617,0.03389830508474576,0.0,0.046511627906976744,0.0,0.0,0.02702702702702703,0.0,0.023809523809523808,0.0,0.024390243902439025,0.05555555555555555,0.0,0.021739130434782608,0.0,0.0,0.029411764705882353,0.0,0.0,0.05,0.0,0.020833333333333332,0.0,0.025,0.0,0.0,0.03773584905660377,0.0,0.0,0.0,0.0,0.0,0.046511627906976744,0.0,0.0,1.0,0.0
440222656,0.024390243902439025,0.0,0.0,0.0,0.0,0.0,0.0,0.0,0.03278688524590164,0.0,0.0,0.0,0.0,0.0,0.0,0.022727272727272728,0.0,0.024390243902439025,0.0,0.0,0.0,0.0,0.0,0.016129032258064516,0.0,0.0,0.0,0.0,0.0,0.0,0.0,0.0,0.0,0.0,0.025,0.0,0.018518518518518517,0.0,0.0,0.0,0.0,0.0,0.0,0.0,0.0,0.0,0.015384615384615385,0.0,0.0,0.02857142857142857,0.015384615384615385,0.0,0.022727272727272728,0.018518518518518517,0.03333333333333333,0.0,0.023809523809523808,0.017543859649122806,0.0,0.022222222222222223,0.0,0.0,0.0,0.0,0.021739130434782608,0.0,0.0,0.0,0.0,0.0,0.0,0.0,0.0,0.0,0.025,0.017543859649122806,0.0,0.0,0.0,0.0,0.0,0.0,0.0,0.0,0.0,0.0,0.0,0.0,0.0,0.018518518518518517,0.0,0.0,0.02,0.0,0.0,0.02127659574468085,0.0,0.0,0.0,0.0,0.0,0.0,0.0,0.02,0.0,0.0,0.0,0.0,0.0,0.0,0.0,0.0,0.0,1.0
